time,method,pos_x,pos_y,pos_z,ref_x,ref_y,ref_z,err_x,err_y,vel_x,vel_y,u_plot
0.0,PID,0.0,0.0,1.0,0.0,0.0,1.0,0.0,0.0,0.0,0.0,0.0
0.020833333333333332,PID,0.0,0.0,0.99765825,0.0,0.013333333333333332,1.0,0.0,-0.013333333333333332,0.0,0.0,7.725939e-06
0.041666666666666664,PID,0.0,0.0,0.99105865,0.0,0.026666666666666665,1.0,0.0,-0.026666666666666665,0.0,0.0,1.7482163e-05
0.0625,PID,0.0,0.0,0.9802012,0.0,0.04,1.0,0.0,-0.04,0.0,0.0,2.9620422e-05
0.08333333333333333,PID,0.0,0.0,0.9650859,0.0,0.05333333333333333,1.0,0.0,-0.05333333333333333,0.0,0.0,4.452668e-05
0.10416666666666667,PID,0.0,0.0,0.9457129,0.0,0.06666666666666667,1.0,0.0,-0.06666666666666667,0.0,0.0,6.262247e-05
0.125,PID,0.0,0.0,0.92208207,0.0,0.08,1.0,0.0,-0.08,0.0,0.0,8.436626e-05
0.14583333333333334,PID,0.0,0.0,0.89419335,0.0,0.09333333333333334,1.0,0.0,-0.09333333333333334,0.0,0.0,0.00011025465
0.16666666666666666,PID,0.0,0.0,0.8620469,0.0,0.10666666666666666,1.0,0.0,-0.10666666666666666,0.0,0.0,0.00014001536
0.1875,PID,0.0,0.0,0.82564265,0.0,0.12,1.0,0.0,-0.12,0.0,0.0,0.00016946754
0.20833333333333334,PID,0.0,0.0,0.7849806,0.0,0.13333333333333333,1.0,0.0,-0.13333333333333333,0.0,0.0,0.00019861433
0.22916666666666666,PID,0.0,0.0,0.7400606,0.0,0.14666666666666667,1.0,0.0,-0.14666666666666667,0.0,0.0,0.00022745901
0.25,PID,0.0,0.0,0.6908829,0.0,0.16,1.0,0.0,-0.16,0.0,0.0,0.00025600448
0.2708333333333333,PID,0.0,0.0,0.6374475,0.0,0.1733333333333333,1.0,0.0,-0.1733333333333333,0.0,0.0,0.0002842541
0.2916666666666667,PID,0.0,0.0,0.5797541,0.0,0.18666666666666668,1.0,0.0,-0.18666666666666668,0.0,0.0,0.0003122108
0.3125,PID,0.0,0.0,0.51780295,0.0,0.2,1.0,0.0,-0.2,0.0,0.0,0.00033987762
0.3333333333333333,PID,0.0,0.0,0.451594,0.0,0.21333333333333332,1.0,0.0,-0.21333333333333332,0.0,0.0,0.0003672576
0.3541666666666667,PID,0.0,0.0,0.38112727,0.0,0.22666666666666668,1.0,0.0,-0.22666666666666668,0.0,0.0,0.00039435373
0.375,PID,0.0,0.0,0.3064027,0.0,0.24,1.0,0.0,-0.24,0.0,0.0,0.0004211689
0.3958333333333333,PID,0.0,0.0,0.22742037,0.0,0.2533333333333333,1.0,0.0,-0.2533333333333333,0.0,0.0,0.00044770617
0.4166666666666667,PID,0.0,0.0,0.14418021,0.0,0.26666666666666666,1.0,0.0,-0.26666666666666666,0.0,0.0,0.00047396822
0.4375,PID,0.0,0.0,0.05668219,0.0,0.28,1.0,0.0,-0.28,0.0,0.0,0.0004999584
0.4583333333333333,PID,0.0,0.0,-0.035073698,0.0,0.29333333333333333,1.0,0.0,-0.29333333333333333,0.0,0.0,0.00052567915
0.4791666666666667,PID,0.0,0.0,-0.13108745,0.0,0.3066666666666667,1.0,0.0,-0.3066666666666667,0.0,0.0,0.000551133
0.5,PID,0.0,0.0,-0.23135905,0.0,0.32,1.0,0.0,-0.32,0.0,0.0,0.000576323
0.5208333333333334,PID,0.0,0.0,-0.3358885,0.0,0.33333333333333337,1.0,0.0,-0.33333333333333337,0.0,0.0,0.0006012521
0.5416666666666666,PID,0.0,0.0,-0.44467583,0.0,0.3466666666666666,1.0,0.0,-0.3466666666666666,0.0,0.0,0.00062592246
0.5625,PID,0.0,0.0,-0.5577211,0.0,0.36,1.0,0.0,-0.36,0.0,0.0,0.0006503372
0.5833333333333334,PID,0.0,0.0,-0.6750241,0.0,0.37333333333333335,1.0,0.0,-0.37333333333333335,0.0,0.0,0.00067449885
0.6041666666666666,PID,0.0,0.0,-0.796585,0.0,0.38666666666666666,1.0,0.0,-0.38666666666666666,0.0,0.0,0.0006984098
0.625,PID,0.0,0.0,-0.92240375,0.0,0.4,1.0,0.0,-0.4,0.0,0.0,0.000722073
0.6458333333333334,PID,0.0,0.0,-1.0524802,0.0,0.4133333333333334,1.0,0.0,-0.4133333333333334,0.0,0.0,0.0007454909
0.6666666666666666,PID,0.0,0.0,-1.1868148,0.0,0.42666666666666664,1.0,0.0,-0.42666666666666664,0.0,0.0,0.00076866586
0.6875,PID,0.0,0.0,-1.3254071,0.0,0.44,1.0,0.0,-0.44,0.0,0.0,0.0007916009
0.7083333333333334,PID,0.0,0.0,-1.4682573,0.0,0.45333333333333337,1.0,0.0,-0.45333333333333337,0.0,0.0,0.00081429793
0.7291666666666666,PID,0.0,0.0,-1.6153653,0.0,0.4666666666666667,1.0,0.0,-0.4666666666666667,0.0,0.0,0.00083675963
0.75,PID,0.0,0.0,-1.7667313,0.0,0.48,1.0,0.0,-0.48,0.0,0.0,0.0008589886
0.7708333333333334,PID,0.0,0.0,-1.922355,0.0,0.49333333333333335,1.0,0.0,-0.49333333333333335,0.0,0.0,0.00088098703
0.7916666666666666,PID,0.0,0.0,-2.0822368,0.0,0.5066666666666666,1.0,0.0,-0.5066666666666666,0.0,0.0,0.0009027575
0.8125,PID,0.0,0.0,-2.2463763,0.0,0.52,1.0,0.0,-0.52,0.0,0.0,0.0009243022
0.8333333333333334,PID,0.0,0.0,-2.4147735,0.0,0.5333333333333333,1.0,0.0,-0.5333333333333333,0.0,0.0,0.00094562344
0.8541666666666666,PID,0.0,0.0,-2.5874283,0.0,0.5466666666666666,1.0,0.0,-0.5466666666666666,0.0,0.0,0.0009667235
0.875,PID,0.0,0.0,-2.764341,0.0,0.56,1.0,0.0,-0.56,0.0,0.0,0.0009876046
0.8958333333333334,PID,0.0,0.0,-2.9455116,0.0,0.5733333333333334,1.0,0.0,-0.5733333333333334,0.0,0.0,0.0010082691
0.9166666666666666,PID,0.0,0.0,-3.13094,0.0,0.5866666666666667,1.0,0.0,-0.5866666666666667,0.0,0.0,0.0010287195
0.9375,PID,0.0,0.0,-3.320626,0.0,0.6,1.0,0.0,-0.6,0.0,0.0,0.0010489578
0.9583333333333334,PID,0.0,0.0,-3.5145698,0.0,0.6133333333333334,1.0,0.0,-0.6133333333333334,0.0,0.0,0.001068986
0.9791666666666666,PID,0.0,0.0,-3.7127712,0.0,0.6266666666666667,1.0,0.0,-0.6266666666666667,0.0,0.0,0.001088807
1.0,PID,0.0,0.0,-3.9152305,0.0,0.64,1.0,0.0,-0.64,0.0,0.0,0.0011084216
1.0208333333333333,PID,0.0,0.0,-4.121948,0.0,0.6533333333333333,1.0,0.0,-0.6533333333333333,0.0,0.0,0.0011278333
1.0416666666666667,PID,0.0,0.0,-4.3329225,0.0,0.6666666666666667,1.0,0.0,-0.6666666666666667,0.0,0.0,0.001147044
1.0625,PID,0.0,0.0,-4.548155,0.0,0.68,1.0,0.0,-0.68,0.0,0.0,0.0011660556
1.0833333333333333,PID,0.0,0.0,-4.7676454,0.0,0.6933333333333332,1.0,0.0,-0.6933333333333332,0.0,0.0,0.0011848703
1.1041666666666667,PID,0.0,0.0,-4.9913936,0.0,0.7066666666666668,1.0,0.0,-0.7066666666666668,0.0,0.0,0.0012034897
1.125,PID,0.0,0.0,-5.2193995,0.0,0.72,1.0,0.0,-0.72,0.0,0.0,0.0012219168
1.1458333333333333,PID,0.0,0.0,-5.451663,0.0,0.7333333333333333,1.0,0.0,-0.7333333333333333,0.0,0.0,0.0012401522
1.1666666666666667,PID,0.0,0.0,-5.6881843,0.0,0.7466666666666667,1.0,0.0,-0.7466666666666667,0.0,0.0,0.0012581982
1.1875,PID,0.0,0.0,-5.9289637,0.0,0.76,1.0,0.0,-0.76,0.0,0.0,0.0012760573
1.2083333333333333,PID,0.0,0.0,-6.1740003,0.0,0.7733333333333333,1.0,0.0,-0.7733333333333333,0.0,0.0,0.0012937313
1.2291666666666667,PID,0.0,0.0,-6.423295,0.0,0.7866666666666667,1.0,0.0,-0.7866666666666667,0.0,0.0,0.0013112217
1.25,PID,0.0,0.0,-6.6768475,0.0,0.8,1.0,0.0,-0.8,0.0,0.0,0.0013285315
1.2708333333333333,PID,0.0,0.0,-6.9346576,-0.013333333333333286,0.8,1.0,0.013333333333333286,-0.8,0.0,0.0,-0.5
1.2916666666666667,PID,0.0,0.0,-7.1967254,-0.026666666666666713,0.8,1.0,0.026666666666666713,-0.8,0.0,0.0,-0.5
1.3125,PID,0.0,0.0,-7.463051,-0.04,0.8,1.0,0.04,-0.8,0.0,0.0,-0.5
1.3333333333333333,PID,0.0,0.0,-7.7336345,-0.05333333333333329,0.8,1.0,0.05333333333333329,-0.8,0.0,0.0,-0.5
1.3541666666666667,PID,0.0,0.0,-8.008476,-0.06666666666666672,0.8,1.0,0.06666666666666672,-0.8,0.0,0.0,-0.5
1.375,PID,0.0,0.0,-8.287576,-0.08,0.8,1.0,0.08,-0.8,0.0,0.0,-0.5
1.3958333333333333,PID,0.0,0.0,-8.570931,-0.09333333333333328,0.8,1.0,0.09333333333333328,-0.8,0.0,0.0,-0.5
1.4166666666666667,PID,0.0,0.0,-8.858546,-0.10666666666666672,0.8,1.0,0.10666666666666672,-0.8,0.0,0.0,-0.5
1.4375,PID,0.0,0.0,-9.150418,-0.12,0.8,1.0,0.12,-0.8,0.0,0.0,-0.5
1.4583333333333333,PID,0.0,0.0,-9.446548,-0.13333333333333328,0.8,1.0,0.13333333333333328,-0.8,0.0,0.0,-0.5
1.4791666666666667,PID,0.0,0.0,-9.746937,-0.14666666666666672,0.8,1.0,0.14666666666666672,-0.8,0.0,0.0,-0.5
1.5,PID,0.0,0.0,-10.051581,-0.16,0.8,1.0,0.16,-0.8,0.0,0.0,-0.5
1.5208333333333333,PID,0.0,0.0,-10.360485,-0.17333333333333328,0.8,1.0,0.17333333333333328,-0.8,0.0,0.0,-0.5
1.5416666666666667,PID,0.0,0.0,-10.673646,-0.18666666666666673,0.8,1.0,0.18666666666666673,-0.8,0.0,0.0,-0.5
1.5625,PID,0.0,0.0,-10.991065,-0.2,0.8,1.0,0.2,-0.8,0.0,0.0,-0.5
1.5833333333333333,PID,0.0,0.0,-11.312741,-0.2133333333333333,0.8,1.0,0.2133333333333333,-0.8,0.0,0.0,-0.5
1.6041666666666667,PID,0.0,0.0,-11.638676,-0.2266666666666667,0.8,1.0,0.2266666666666667,-0.8,0.0,0.0,-0.5
1.625,PID,0.0,0.0,-11.968867,-0.24,0.8,1.0,0.24,-0.8,0.0,0.0,-0.5
1.6458333333333333,PID,0.0,0.0,-12.303318,-0.2533333333333333,0.8,1.0,0.2533333333333333,-0.8,0.0,0.0,-0.5
1.6666666666666667,PID,0.0,0.0,-12.642025,-0.2666666666666667,0.8,1.0,0.2666666666666667,-0.8,0.0,0.0,-0.5
1.6875,PID,0.0,0.0,-12.98499,-0.28,0.8,1.0,0.28,-0.8,0.0,0.0,-0.5
1.7083333333333333,PID,0.0,0.0,-13.332213,-0.2933333333333333,0.8,1.0,0.2933333333333333,-0.8,0.0,0.0,-0.5
1.7291666666666667,PID,0.0,0.0,-13.683694,-0.3066666666666667,0.8,1.0,0.3066666666666667,-0.8,0.0,0.0,-0.5
1.75,PID,0.0,0.0,-14.0394335,-0.32,0.8,1.0,0.32,-0.8,0.0,0.0,-0.5
1.7708333333333333,PID,0.0,0.0,-14.399429,-0.3333333333333333,0.8,1.0,0.3333333333333333,-0.8,0.0,0.0,-0.5
1.7916666666666667,PID,0.0,0.0,-14.763683,-0.34666666666666673,0.8,1.0,0.34666666666666673,-0.8,0.0,0.0,-0.5
1.8125,PID,0.0,0.0,-15.132195,-0.36,0.8,1.0,0.36,-0.8,0.0,0.0,-0.5
1.8333333333333333,PID,0.0,0.0,-15.504965,-0.3733333333333333,0.8,1.0,0.3733333333333333,-0.8,0.0,0.0,-0.5
1.8541666666666667,PID,0.0,0.0,-15.881992,-0.3866666666666667,0.8,1.0,0.3866666666666667,-0.8,0.0,0.0,-0.5
1.875,PID,0.0,0.0,-16.263275,-0.4,0.8,1.0,0.4,-0.8,0.0,0.0,-0.5
1.8958333333333333,PID,0.0,0.0,-16.648817,-0.4133333333333333,0.8,1.0,0.4133333333333333,-0.8,0.0,0.0,-0.5
1.9166666666666667,PID,0.0,0.0,-17.038618,-0.42666666666666675,0.8,1.0,0.42666666666666675,-0.8,0.0,0.0,-0.5
1.9375,PID,0.0,0.0,-17.432676,-0.44,0.8,1.0,0.44,-0.8,0.0,0.0,-0.5
1.9583333333333333,PID,0.0,0.0,-17.830992,-0.4533333333333333,0.8,1.0,0.4533333333333333,-0.8,0.0,0.0,-0.5
1.9791666666666667,PID,0.0,0.0,-18.233566,-0.46666666666666673,0.8,1.0,0.46666666666666673,-0.8,0.0,0.0,-0.5
2.0,PID,0.0,0.0,-18.6404,-0.48,0.8,1.0,0.48,-0.8,0.0,0.0,-0.5
2.0208333333333335,PID,0.0,0.0,-19.051487,-0.49333333333333346,0.8,1.0,0.49333333333333346,-0.8,0.0,0.0,-0.5
2.0416666666666665,PID,0.0,0.0,-19.466835,-0.5066666666666666,0.8,1.0,0.5066666666666666,-0.8,0.0,0.0,-0.5
2.0625,PID,0.0,0.0,-19.886442,-0.52,0.8,1.0,0.52,-0.8,0.0,0.0,-0.5
2.0833333333333335,PID,0.0,0.0,-20.310303,-0.5333333333333334,0.8,1.0,0.5333333333333334,-0.8,0.0,0.0,-0.5
2.1041666666666665,PID,0.0,0.0,-20.738422,-0.5466666666666666,0.8,1.0,0.5466666666666666,-0.8,0.0,0.0,-0.5
2.125,PID,0.0,0.0,-21.170803,-0.56,0.8,1.0,0.56,-0.8,0.0,0.0,-0.5
2.1458333333333335,PID,0.0,0.0,-21.607437,-0.5733333333333335,0.8,1.0,0.5733333333333335,-0.8,0.0,0.0,-0.5
2.1666666666666665,PID,0.0,0.0,-22.04833,-0.5866666666666666,0.8,1.0,0.5866666666666666,-0.8,0.0,0.0,-0.5
2.1875,PID,0.0,0.0,-22.493483,-0.6,0.8,1.0,0.6,-0.8,0.0,0.0,-0.5
2.2083333333333335,PID,0.0,0.0,-22.942892,-0.6133333333333334,0.8,1.0,0.6133333333333334,-0.8,0.0,0.0,-0.5
2.2291666666666665,PID,0.0,0.0,-23.396559,-0.6266666666666666,0.8,1.0,0.6266666666666666,-0.8,0.0,0.0,-0.5
2.25,PID,0.0,0.0,-23.854485,-0.64,0.8,1.0,0.64,-0.8,0.0,0.0,-0.5
2.2708333333333335,PID,0.0,0.0,-24.316668,-0.6533333333333334,0.8,1.0,0.6533333333333334,-0.8,0.0,0.0,-0.5
2.2916666666666665,PID,0.0,0.0,-24.783106,-0.6666666666666666,0.8,1.0,0.6666666666666666,-0.8,0.0,0.0,-0.5
2.3125,PID,0.0,0.0,-25.253805,-0.68,0.8,1.0,0.68,-0.8,0.0,0.0,-0.5
2.3333333333333335,PID,0.0,0.0,-25.728764,-0.6933333333333335,0.8,1.0,0.6933333333333335,-0.8,0.0,0.0,-0.5
2.3541666666666665,PID,0.0,0.0,-26.207975,-0.7066666666666666,0.8,1.0,0.7066666666666666,-0.8,0.0,0.0,-0.5
2.375,PID,0.0,0.0,-26.691446,-0.72,0.8,1.0,0.72,-0.8,0.0,0.0,-0.5
2.3958333333333335,PID,0.0,0.0,-27.179178,-0.7333333333333334,0.8,1.0,0.7333333333333334,-0.8,0.0,0.0,-0.5
2.4166666666666665,PID,0.0,0.0,-27.671164,-0.7466666666666666,0.8,1.0,0.7466666666666666,-0.8,0.0,0.0,-0.5
2.4375,PID,0.0,0.0,-28.167408,-0.76,0.8,1.0,0.76,-0.8,0.0,0.0,-0.5
2.4583333333333335,PID,0.0,0.0,-28.667912,-0.7733333333333334,0.8,1.0,0.7733333333333334,-0.8,0.0,0.0,-0.5
2.4791666666666665,PID,0.0,0.0,-29.17267,-0.7866666666666666,0.8,1.0,0.7866666666666666,-0.8,0.0,0.0,-0.5
2.5,PID,0.0,0.0,-29.681688,-0.8,0.8,1.0,0.8,-0.8,0.0,0.0,-0.5
2.5208333333333335,PID,0.0,0.0,-30.194965,-0.8,0.7866666666666666,1.0,0.8,-0.7866666666666666,0.0,0.0,-0.5
2.5416666666666665,PID,0.0,0.0,-30.7125,-0.8,0.7733333333333334,1.0,0.8,-0.7733333333333334,0.0,0.0,-0.5
2.5625,PID,0.0,0.0,-31.23429,-0.8,0.76,1.0,0.8,-0.76,0.0,0.0,-0.5
2.5833333333333335,PID,0.0,0.0,-31.76034,-0.8,0.7466666666666666,1.0,0.8,-0.7466666666666666,0.0,0.0,-0.5
2.6041666666666665,PID,0.0,0.0,-32.29065,-0.8,0.7333333333333335,1.0,0.8,-0.7333333333333335,0.0,0.0,-0.5
2.625,PID,0.0,0.0,-32.825214,-0.8,0.7200000000000001,1.0,0.8,-0.7200000000000001,0.0,0.0,-0.5
2.6458333333333335,PID,0.0,0.0,-33.364037,-0.8,0.7066666666666666,1.0,0.8,-0.7066666666666666,0.0,0.0,-0.5
2.6666666666666665,PID,0.0,0.0,-33.907116,-0.8,0.6933333333333335,1.0,0.8,-0.6933333333333335,0.0,0.0,-0.5
2.6875,PID,0.0,0.0,-34.454453,-0.8,0.68,1.0,0.8,-0.68,0.0,0.0,-0.5
2.7083333333333335,PID,0.0,0.0,-35.00605,-0.8,0.6666666666666666,1.0,0.8,-0.6666666666666666,0.0,0.0,-0.5
2.7291666666666665,PID,0.0,0.0,-35.5619,-0.8,0.6533333333333334,1.0,0.8,-0.6533333333333334,0.0,0.0,-0.5
2.75,PID,0.0,0.0,-36.122013,-0.8,0.64,1.0,0.8,-0.64,0.0,0.0,-0.5
2.7708333333333335,PID,0.0,0.0,-36.686382,-0.8,0.6266666666666666,1.0,0.8,-0.6266666666666666,0.0,0.0,-0.5
2.7916666666666665,PID,0.0,0.0,-37.255005,-0.8,0.6133333333333335,1.0,0.8,-0.6133333333333335,0.0,0.0,-0.5
2.8125,PID,0.0,0.0,-37.827892,-0.8,0.6000000000000001,1.0,0.8,-0.6000000000000001,0.0,0.0,-0.5
2.8333333333333335,PID,0.0,0.0,-38.405037,-0.8,0.5866666666666667,1.0,0.8,-0.5866666666666667,0.0,0.0,-0.5
2.8541666666666665,PID,0.0,0.0,-38.986435,-0.8,0.5733333333333335,1.0,0.8,-0.5733333333333335,0.0,0.0,-0.5
2.875,PID,0.0,0.0,-39.572094,-0.8,0.56,1.0,0.8,-0.56,0.0,0.0,-0.5
2.8958333333333335,PID,0.0,0.0,-40.16201,-0.8,0.5466666666666666,1.0,0.8,-0.5466666666666666,0.0,0.0,-0.5
2.9166666666666665,PID,0.0,0.0,-40.756184,-0.8,0.5333333333333334,1.0,0.8,-0.5333333333333334,0.0,0.0,-0.5
2.9375,PID,0.0,0.0,-41.354614,-0.8,0.52,1.0,0.8,-0.52,0.0,0.0,-0.5
2.9583333333333335,PID,0.0,0.0,-41.957302,-0.8,0.5066666666666666,1.0,0.8,-0.5066666666666666,0.0,0.0,-0.5
2.9791666666666665,PID,0.0,0.0,-42.56425,-0.8,0.49333333333333346,1.0,0.8,-0.49333333333333346,0.0,0.0,-0.5
3.0,PID,0.0,0.0,-43.175453,-0.8,0.48000000000000004,1.0,0.8,-0.48000000000000004,0.0,0.0,-0.5
3.0208333333333335,PID,0.0,0.0,-43.790916,-0.8,0.4666666666666666,1.0,0.8,-0.4666666666666666,0.0,0.0,-0.5
3.0416666666666665,PID,0.0,0.0,-44.410637,-0.8,0.4533333333333335,1.0,0.8,-0.4533333333333335,0.0,0.0,-0.5
3.0625,PID,0.0,0.0,-45.03461,-0.8,0.44000000000000006,1.0,0.8,-0.44000000000000006,0.0,0.0,-0.5
3.0833333333333335,PID,0.0,0.0,-45.66285,-0.8,0.4266666666666666,1.0,0.8,-0.4266666666666666,0.0,0.0,-0.5
3.1041666666666665,PID,0.0,0.0,-46.29534,-0.8,0.41333333333333344,1.0,0.8,-0.41333333333333344,0.0,0.0,-0.5
3.125,PID,0.0,0.0,-46.93209,-0.8,0.4,1.0,0.8,-0.4,0.0,0.0,-0.5
3.1458333333333335,PID,0.0,0.0,-47.5731,-0.8,0.3866666666666666,1.0,0.8,-0.3866666666666666,0.0,0.0,-0.5
3.1666666666666665,PID,0.0,0.0,-48.218365,-0.8,0.37333333333333346,1.0,0.8,-0.37333333333333346,0.0,0.0,-0.5
3.1875,PID,0.0,0.0,-48.86789,-0.8,0.36000000000000004,1.0,0.8,-0.36000000000000004,0.0,0.0,-0.5
3.2083333333333335,PID,0.0,0.0,-49.52167,-0.8,0.3466666666666666,1.0,0.8,-0.3466666666666666,0.0,0.0,-0.5
3.2291666666666665,PID,0.0,0.0,-50.17971,-0.8,0.3333333333333335,1.0,0.8,-0.3333333333333335,0.0,0.0,-0.5
3.25,PID,0.0,0.0,-50.84201,-0.8,0.32000000000000006,1.0,0.8,-0.32000000000000006,0.0,0.0,-0.5
3.2708333333333335,PID,0.0,0.0,-51.508564,-0.8,0.3066666666666666,1.0,0.8,-0.3066666666666666,0.0,0.0,-0.5
3.2916666666666665,PID,0.0,0.0,-52.17938,-0.8,0.29333333333333345,1.0,0.8,-0.29333333333333345,0.0,0.0,-0.5
3.3125,PID,0.0,0.0,-52.85445,-0.8,0.28,1.0,0.8,-0.28,0.0,0.0,-0.5
3.3333333333333335,PID,0.0,0.0,-53.533775,-0.8,0.2666666666666666,1.0,0.8,-0.2666666666666666,0.0,0.0,-0.5
3.3541666666666665,PID,0.0,0.0,-54.217365,-0.8,0.2533333333333334,1.0,0.8,-0.2533333333333334,0.0,0.0,-0.5
3.375,PID,0.0,0.0,-54.905212,-0.8,0.24,1.0,0.8,-0.24,0.0,0.0,-0.5
3.3958333333333335,PID,0.0,0.0,-55.597317,-0.8,0.22666666666666657,1.0,0.8,-0.22666666666666657,0.0,0.0,-0.5
3.4166666666666665,PID,0.0,0.0,-56.29368,-0.8,0.21333333333333349,1.0,0.8,-0.21333333333333349,0.0,0.0,-0.5
3.4375,PID,0.0,0.0,-56.994297,-0.8,0.20000000000000007,1.0,0.8,-0.20000000000000007,0.0,0.0,-0.5
3.4583333333333335,PID,0.0,0.0,-57.699177,-0.8,0.18666666666666665,1.0,0.8,-0.18666666666666665,0.0,0.0,-0.5
3.4791666666666665,PID,0.0,0.0,-58.408314,-0.8,0.17333333333333345,1.0,0.8,-0.17333333333333345,0.0,0.0,-0.5
3.5,PID,0.0,0.0,-59.121704,-0.8,0.16000000000000003,1.0,0.8,-0.16000000000000003,0.0,0.0,-0.5
3.5208333333333335,PID,0.0,0.0,-59.83936,-0.8,0.1466666666666666,1.0,0.8,-0.1466666666666666,0.0,0.0,-0.5
3.5416666666666665,PID,0.0,0.0,-60.56127,-0.8,0.13333333333333341,1.0,0.8,-0.13333333333333341,0.0,0.0,-0.5
3.5625,PID,0.0,0.0,-61.28744,-0.8,0.12,1.0,0.8,-0.12,0.0,0.0,-0.5
3.5833333333333335,PID,0.0,0.0,-62.017868,-0.8,0.10666666666666658,1.0,0.8,-0.10666666666666658,0.0,0.0,-0.5
3.6041666666666665,PID,0.0,0.0,-62.752552,-0.8,0.09333333333333349,1.0,0.8,-0.09333333333333349,0.0,0.0,-0.5
3.625,PID,0.0,0.0,-63.491497,-0.8,0.08000000000000007,1.0,0.8,-0.08000000000000007,0.0,0.0,-0.5
3.6458333333333335,PID,0.0,0.0,-64.234695,-0.8,0.06666666666666665,1.0,0.8,-0.06666666666666665,0.0,0.0,-0.5
3.6666666666666665,PID,0.0,0.0,-64.982155,-0.8,0.053333333333333455,1.0,0.8,-0.053333333333333455,0.0,0.0,-0.5
3.6875,PID,0.0,0.0,-65.73387,-0.8,0.040000000000000036,1.0,0.8,-0.040000000000000036,0.0,0.0,-0.5
3.7083333333333335,PID,0.0,0.0,-66.48985,-0.8,0.026666666666666616,1.0,0.8,-0.026666666666666616,0.0,0.0,-0.5
3.7291666666666665,PID,0.0,0.0,-67.250084,-0.8,0.01333333333333342,1.0,0.8,-0.01333333333333342,0.0,0.0,-0.5
3.75,PID,0.0,0.0,-68.01457,-0.8,0.0,1.0,0.8,0.0,0.0,0.0,-0.5
3.7708333333333335,PID,0.0,0.0,-68.783325,-0.7866666666666666,0.0,1.0,0.7866666666666666,0.0,0.0,0.0,-0.5
3.7916666666666665,PID,0.0,0.0,-69.556335,-0.7733333333333334,0.0,1.0,0.7733333333333334,0.0,0.0,0.0,-0.5
3.8125,PID,0.0,0.0,-70.3336,-0.76,0.0,1.0,0.76,0.0,0.0,0.0,-0.5
3.8333333333333335,PID,0.0,0.0,-71.11513,-0.7466666666666666,0.0,1.0,0.7466666666666666,0.0,0.0,0.0,-0.5
3.8541666666666665,PID,0.0,0.0,-71.90091,-0.7333333333333335,0.0,1.0,0.7333333333333335,0.0,0.0,0.0,-0.5
3.875,PID,0.0,0.0,-72.69095,-0.7200000000000001,0.0,1.0,0.7200000000000001,0.0,0.0,0.0,-0.5
3.8958333333333335,PID,0.0,0.0,-73.48525,-0.7066666666666666,0.0,1.0,0.7066666666666666,0.0,0.0,0.0,-0.5
3.9166666666666665,PID,0.0,0.0,-74.283806,-0.6933333333333335,0.0,1.0,0.6933333333333335,0.0,0.0,0.0,-0.5
3.9375,PID,0.0,0.0,-75.086624,-0.68,0.0,1.0,0.68,0.0,0.0,0.0,-0.5
3.9583333333333335,PID,0.0,0.0,-75.8937,-0.6666666666666666,0.0,1.0,0.6666666666666666,0.0,0.0,0.0,-0.5
3.9791666666666665,PID,0.0,0.0,-76.70503,-0.6533333333333334,0.0,1.0,0.6533333333333334,0.0,0.0,0.0,-0.5
0.0,LQR,0.0,0.0,1.0,0.0,0.0,1.0,0.0,0.0,0.0,0.0,0.0
0.020833333333333332,LQR,0.0,0.0,0.99765825,0.0,0.013333333333333332,1.0,0.0,-0.013333333333333332,0.0,0.0,3.8486756e-09
0.041666666666666664,LQR,0.0,0.0,0.99105865,0.0,0.026666666666666665,1.0,0.0,-0.026666666666666665,0.0,0.0,8.482914e-09
0.0625,LQR,0.0,0.0,0.9802012,0.0,0.04,1.0,0.0,-0.04,0.0,0.0,1.40055345e-08
0.08333333333333333,LQR,0.0,0.0,0.9650859,0.0,0.05333333333333333,1.0,0.0,-0.05333333333333333,0.0,0.0,2.052643e-08
0.10416666666666667,LQR,0.0,0.0,0.9457129,0.0,0.06666666666666667,1.0,0.0,-0.06666666666666667,0.0,0.0,2.8162741e-08
0.125,LQR,0.0,0.0,0.92208207,0.0,0.08,1.0,0.0,-0.08,0.0,0.0,3.7039076e-08
0.14583333333333334,LQR,0.0,0.0,0.89419335,0.0,0.09333333333333334,1.0,0.0,-0.09333333333333334,0.0,0.0,4.728769e-08
0.16666666666666666,LQR,0.0,0.0,0.8620469,0.0,0.10666666666666666,1.0,0.0,-0.10666666666666666,0.0,0.0,5.9048688e-08
0.1875,LQR,0.0,0.0,0.82564265,0.0,0.12,1.0,0.0,-0.12,0.0,0.0,7.2470165e-08
0.20833333333333334,LQR,0.0,0.0,0.7849806,0.0,0.13333333333333333,1.0,0.0,-0.13333333333333333,0.0,0.0,8.7113555e-08
0.22916666666666666,LQR,0.0,0.0,0.7400606,0.0,0.14666666666666667,1.0,0.0,-0.14666666666666667,0.0,0.0,1.01605096e-07
0.25,LQR,0.0,0.0,0.6908829,0.0,0.16,1.0,0.0,-0.16,0.0,0.0,1.1594639e-07
0.2708333333333333,LQR,0.0,0.0,0.6374475,0.0,0.1733333333333333,1.0,0.0,-0.1733333333333333,0.0,0.0,1.3013899e-07
0.2916666666666667,LQR,0.0,0.0,0.5797541,0.0,0.18666666666666668,1.0,0.0,-0.18666666666666668,0.0,0.0,1.4418443e-07
0.3125,LQR,0.0,0.0,0.51780295,0.0,0.2,1.0,0.0,-0.2,0.0,0.0,1.5808429e-07
0.3333333333333333,LQR,0.0,0.0,0.451594,0.0,0.21333333333333332,1.0,0.0,-0.21333333333333332,0.0,0.0,1.7184004e-07
0.3541666666666667,LQR,0.0,0.0,0.38112727,0.0,0.22666666666666668,1.0,0.0,-0.22666666666666668,0.0,0.0,1.8545325e-07
0.375,LQR,0.0,0.0,0.3064027,0.0,0.24,1.0,0.0,-0.24,0.0,0.0,1.9892525e-07
0.3958333333333333,LQR,0.0,0.0,0.22742037,0.0,0.2533333333333333,1.0,0.0,-0.2533333333333333,0.0,0.0,2.1225756e-07
0.4166666666666667,LQR,0.0,0.0,0.14418021,0.0,0.26666666666666666,1.0,0.0,-0.26666666666666666,0.0,0.0,2.254517e-07
0.4375,LQR,0.0,0.0,0.05668219,0.0,0.28,1.0,0.0,-0.28,0.0,0.0,2.3850902e-07
0.4583333333333333,LQR,0.0,0.0,-0.035073698,0.0,0.29333333333333333,1.0,0.0,-0.29333333333333333,0.0,0.0,2.5143103e-07
0.4791666666666667,LQR,0.0,0.0,-0.13108745,0.0,0.3066666666666667,1.0,0.0,-0.3066666666666667,0.0,0.0,2.64219e-07
0.5,LQR,0.0,0.0,-0.23135905,0.0,0.32,1.0,0.0,-0.32,0.0,0.0,2.7687443e-07
0.5208333333333334,LQR,0.0,0.0,-0.3358885,0.0,0.33333333333333337,1.0,0.0,-0.33333333333333337,0.0,0.0,2.8939863e-07
0.5416666666666666,LQR,0.0,0.0,-0.44467583,0.0,0.3466666666666666,1.0,0.0,-0.3466666666666666,0.0,0.0,3.0179297e-07
0.5625,LQR,0.0,0.0,-0.5577211,0.0,0.36,1.0,0.0,-0.36,0.0,0.0,3.1405887e-07
0.5833333333333334,LQR,0.0,0.0,-0.6750241,0.0,0.37333333333333335,1.0,0.0,-0.37333333333333335,0.0,0.0,3.261975e-07
0.6041666666666666,LQR,0.0,0.0,-0.796585,0.0,0.38666666666666666,1.0,0.0,-0.38666666666666666,0.0,0.0,3.3821036e-07
0.625,LQR,0.0,0.0,-0.92240375,0.0,0.4,1.0,0.0,-0.4,0.0,0.0,3.500987e-07
0.6458333333333334,LQR,0.0,0.0,-1.0524802,0.0,0.4133333333333334,1.0,0.0,-0.4133333333333334,0.0,0.0,3.6186393e-07
0.6666666666666666,LQR,0.0,0.0,-1.1868148,0.0,0.42666666666666664,1.0,0.0,-0.42666666666666664,0.0,0.0,3.7350725e-07
0.6875,LQR,0.0,0.0,-1.3254071,0.0,0.44,1.0,0.0,-0.44,0.0,0.0,3.8502975e-07
0.7083333333333334,LQR,0.0,0.0,-1.4682573,0.0,0.45333333333333337,1.0,0.0,-0.45333333333333337,0.0,0.0,3.96433e-07
0.7291666666666666,LQR,0.0,0.0,-1.6153653,0.0,0.4666666666666667,1.0,0.0,-0.4666666666666667,0.0,0.0,4.0771783e-07
0.75,LQR,0.0,0.0,-1.7667313,0.0,0.48,1.0,0.0,-0.48,0.0,0.0,4.188858e-07
0.7708333333333334,LQR,0.0,0.0,-1.922355,0.0,0.49333333333333335,1.0,0.0,-0.49333333333333335,0.0,0.0,4.2993787e-07
0.7916666666666666,LQR,0.0,0.0,-2.0822368,0.0,0.5066666666666666,1.0,0.0,-0.5066666666666666,0.0,0.0,4.4087545e-07
0.8125,LQR,0.0,0.0,-2.2463763,0.0,0.52,1.0,0.0,-0.52,0.0,0.0,4.5169958e-07
0.8333333333333334,LQR,0.0,0.0,-2.4147735,0.0,0.5333333333333333,1.0,0.0,-0.5333333333333333,0.0,0.0,4.624115e-07
0.8541666666666666,LQR,0.0,0.0,-2.5874283,0.0,0.5466666666666666,1.0,0.0,-0.5466666666666666,0.0,0.0,4.7301248e-07
0.875,LQR,0.0,0.0,-2.764341,0.0,0.56,1.0,0.0,-0.56,0.0,0.0,4.835035e-07
0.8958333333333334,LQR,0.0,0.0,-2.9455116,0.0,0.5733333333333334,1.0,0.0,-0.5733333333333334,0.0,0.0,4.9388586e-07
0.9166666666666666,LQR,0.0,0.0,-3.13094,0.0,0.5866666666666667,1.0,0.0,-0.5866666666666667,0.0,0.0,5.041605e-07
0.9375,LQR,0.0,0.0,-3.320626,0.0,0.6,1.0,0.0,-0.6,0.0,0.0,5.143285e-07
0.9583333333333334,LQR,0.0,0.0,-3.5145698,0.0,0.6133333333333334,1.0,0.0,-0.6133333333333334,0.0,0.0,5.2439117e-07
0.9791666666666666,LQR,0.0,0.0,-3.7127712,0.0,0.6266666666666667,1.0,0.0,-0.6266666666666667,0.0,0.0,5.3434957e-07
1.0,LQR,0.0,0.0,-3.9152305,0.0,0.64,1.0,0.0,-0.64,0.0,0.0,5.442046e-07
1.0208333333333333,LQR,0.0,0.0,-4.121948,0.0,0.6533333333333333,1.0,0.0,-0.6533333333333333,0.0,0.0,5.5395765e-07
1.0416666666666667,LQR,0.0,0.0,-4.3329225,0.0,0.6666666666666667,1.0,0.0,-0.6666666666666667,0.0,0.0,5.6360943e-07
1.0625,LQR,0.0,0.0,-4.548155,0.0,0.68,1.0,0.0,-0.68,0.0,0.0,5.731612e-07
1.0833333333333333,LQR,0.0,0.0,-4.7676454,0.0,0.6933333333333332,1.0,0.0,-0.6933333333333332,0.0,0.0,5.826137e-07
1.1041666666666667,LQR,0.0,0.0,-4.9913936,0.0,0.7066666666666668,1.0,0.0,-0.7066666666666668,0.0,0.0,5.919684e-07
1.125,LQR,0.0,0.0,-5.2193995,0.0,0.72,1.0,0.0,-0.72,0.0,0.0,6.0122613e-07
1.1458333333333333,LQR,0.0,0.0,-5.451663,0.0,0.7333333333333333,1.0,0.0,-0.7333333333333333,0.0,0.0,6.1038793e-07
1.1666666666666667,LQR,0.0,0.0,-5.6881843,0.0,0.7466666666666667,1.0,0.0,-0.7466666666666667,0.0,0.0,6.194546e-07
1.1875,LQR,0.0,0.0,-5.9289637,0.0,0.76,1.0,0.0,-0.76,0.0,0.0,6.284274e-07
1.2083333333333333,LQR,0.0,0.0,-6.1740003,0.0,0.7733333333333333,1.0,0.0,-0.7733333333333333,0.0,0.0,6.3730727e-07
1.2291666666666667,LQR,0.0,0.0,-6.423295,0.0,0.7866666666666667,1.0,0.0,-0.7866666666666667,0.0,0.0,6.46095e-07
1.25,LQR,0.0,0.0,-6.6768475,0.0,0.8,1.0,0.0,-0.8,0.0,0.0,6.5479156e-07
1.2708333333333333,LQR,0.0,0.0,-6.9346576,-0.013333333333333286,0.8,1.0,0.013333333333333286,-0.8,0.0,0.0,-0.042181153
1.2916666666666667,LQR,0.0,0.0,-7.1967254,-0.026666666666666713,0.8,1.0,0.026666666666666713,-0.8,0.0,0.0,-0.08436296
1.3125,LQR,0.0,0.0,-7.463051,-0.04,0.8,1.0,0.04,-0.8,0.0,0.0,-0.12654477
1.3333333333333333,LQR,0.0,0.0,-7.7336345,-0.05333333333333329,0.8,1.0,0.05333333333333329,-0.8,0.0,0.0,-0.16872658
1.3541666666666667,LQR,0.0,0.0,-8.008476,-0.06666666666666672,0.8,1.0,0.06666666666666672,-0.8,0.0,0.0,-0.21090838
1.375,LQR,0.0,0.0,-8.287576,-0.08,0.8,1.0,0.08,-0.8,0.0,0.0,-0.2530902
1.3958333333333333,LQR,0.0,0.0,-8.570931,-0.09333333333333328,0.8,1.0,0.09333333333333328,-0.8,0.0,0.0,-0.29527202
1.4166666666666667,LQR,0.0,0.0,-8.858546,-0.10666666666666672,0.8,1.0,0.10666666666666672,-0.8,0.0,0.0,-0.3374538
1.4375,LQR,0.0,0.0,-9.150418,-0.12,0.8,1.0,0.12,-0.8,0.0,0.0,-0.37963563
1.4583333333333333,LQR,0.0,0.0,-9.446548,-0.13333333333333328,0.8,1.0,0.13333333333333328,-0.8,0.0,0.0,-0.42181745
1.4791666666666667,LQR,0.0,0.0,-9.746937,-0.14666666666666672,0.8,1.0,0.14666666666666672,-0.8,0.0,0.0,-0.46399927
1.5,LQR,0.0,0.0,-10.051581,-0.16,0.8,1.0,0.16,-0.8,0.0,0.0,-0.5
1.5208333333333333,LQR,0.0,0.0,-10.360485,-0.17333333333333328,0.8,1.0,0.17333333333333328,-0.8,0.0,0.0,-0.5
1.5416666666666667,LQR,0.0,0.0,-10.673646,-0.18666666666666673,0.8,1.0,0.18666666666666673,-0.8,0.0,0.0,-0.5
1.5625,LQR,0.0,0.0,-10.991065,-0.2,0.8,1.0,0.2,-0.8,0.0,0.0,-0.5
1.5833333333333333,LQR,0.0,0.0,-11.312741,-0.2133333333333333,0.8,1.0,0.2133333333333333,-0.8,0.0,0.0,-0.5
1.6041666666666667,LQR,0.0,0.0,-11.638676,-0.2266666666666667,0.8,1.0,0.2266666666666667,-0.8,0.0,0.0,-0.5
1.625,LQR,0.0,0.0,-11.968867,-0.24,0.8,1.0,0.24,-0.8,0.0,0.0,-0.5
1.6458333333333333,LQR,0.0,0.0,-12.303318,-0.2533333333333333,0.8,1.0,0.2533333333333333,-0.8,0.0,0.0,-0.5
1.6666666666666667,LQR,0.0,0.0,-12.642025,-0.2666666666666667,0.8,1.0,0.2666666666666667,-0.8,0.0,0.0,-0.5
1.6875,LQR,0.0,0.0,-12.98499,-0.28,0.8,1.0,0.28,-0.8,0.0,0.0,-0.5
1.7083333333333333,LQR,0.0,0.0,-13.332213,-0.2933333333333333,0.8,1.0,0.2933333333333333,-0.8,0.0,0.0,-0.5
1.7291666666666667,LQR,0.0,0.0,-13.683694,-0.3066666666666667,0.8,1.0,0.3066666666666667,-0.8,0.0,0.0,-0.5
1.75,LQR,0.0,0.0,-14.0394335,-0.32,0.8,1.0,0.32,-0.8,0.0,0.0,-0.5
1.7708333333333333,LQR,0.0,0.0,-14.399429,-0.3333333333333333,0.8,1.0,0.3333333333333333,-0.8,0.0,0.0,-0.5
1.7916666666666667,LQR,0.0,0.0,-14.763683,-0.34666666666666673,0.8,1.0,0.34666666666666673,-0.8,0.0,0.0,-0.5
1.8125,LQR,0.0,0.0,-15.132195,-0.36,0.8,1.0,0.36,-0.8,0.0,0.0,-0.5
1.8333333333333333,LQR,0.0,0.0,-15.504965,-0.3733333333333333,0.8,1.0,0.3733333333333333,-0.8,0.0,0.0,-0.5
1.8541666666666667,LQR,0.0,0.0,-15.881992,-0.3866666666666667,0.8,1.0,0.3866666666666667,-0.8,0.0,0.0,-0.5
1.875,LQR,0.0,0.0,-16.263275,-0.4,0.8,1.0,0.4,-0.8,0.0,0.0,-0.5
1.8958333333333333,LQR,0.0,0.0,-16.648817,-0.4133333333333333,0.8,1.0,0.4133333333333333,-0.8,0.0,0.0,-0.5
1.9166666666666667,LQR,0.0,0.0,-17.038618,-0.42666666666666675,0.8,1.0,0.42666666666666675,-0.8,0.0,0.0,-0.5
1.9375,LQR,0.0,0.0,-17.432676,-0.44,0.8,1.0,0.44,-0.8,0.0,0.0,-0.5
1.9583333333333333,LQR,0.0,0.0,-17.830992,-0.4533333333333333,0.8,1.0,0.4533333333333333,-0.8,0.0,0.0,-0.5
1.9791666666666667,LQR,0.0,0.0,-18.233566,-0.46666666666666673,0.8,1.0,0.46666666666666673,-0.8,0.0,0.0,-0.5
2.0,LQR,0.0,0.0,-18.6404,-0.48,0.8,1.0,0.48,-0.8,0.0,0.0,-0.5
2.0208333333333335,LQR,0.0,0.0,-19.051487,-0.49333333333333346,0.8,1.0,0.49333333333333346,-0.8,0.0,0.0,-0.5
2.0416666666666665,LQR,0.0,0.0,-19.466835,-0.5066666666666666,0.8,1.0,0.5066666666666666,-0.8,0.0,0.0,-0.5
2.0625,LQR,0.0,0.0,-19.886442,-0.52,0.8,1.0,0.52,-0.8,0.0,0.0,-0.5
2.0833333333333335,LQR,0.0,0.0,-20.310303,-0.5333333333333334,0.8,1.0,0.5333333333333334,-0.8,0.0,0.0,-0.5
2.1041666666666665,LQR,0.0,0.0,-20.738422,-0.5466666666666666,0.8,1.0,0.5466666666666666,-0.8,0.0,0.0,-0.5
2.125,LQR,0.0,0.0,-21.170803,-0.56,0.8,1.0,0.56,-0.8,0.0,0.0,-0.5
2.1458333333333335,LQR,0.0,0.0,-21.607437,-0.5733333333333335,0.8,1.0,0.5733333333333335,-0.8,0.0,0.0,-0.5
2.1666666666666665,LQR,0.0,0.0,-22.04833,-0.5866666666666666,0.8,1.0,0.5866666666666666,-0.8,0.0,0.0,-0.5
2.1875,LQR,0.0,0.0,-22.493483,-0.6,0.8,1.0,0.6,-0.8,0.0,0.0,-0.5
2.2083333333333335,LQR,0.0,0.0,-22.942892,-0.6133333333333334,0.8,1.0,0.6133333333333334,-0.8,0.0,0.0,-0.5
2.2291666666666665,LQR,0.0,0.0,-23.396559,-0.6266666666666666,0.8,1.0,0.6266666666666666,-0.8,0.0,0.0,-0.5
2.25,LQR,0.0,0.0,-23.854485,-0.64,0.8,1.0,0.64,-0.8,0.0,0.0,-0.5
2.2708333333333335,LQR,0.0,0.0,-24.316668,-0.6533333333333334,0.8,1.0,0.6533333333333334,-0.8,0.0,0.0,-0.5
2.2916666666666665,LQR,0.0,0.0,-24.783106,-0.6666666666666666,0.8,1.0,0.6666666666666666,-0.8,0.0,0.0,-0.5
2.3125,LQR,0.0,0.0,-25.253805,-0.68,0.8,1.0,0.68,-0.8,0.0,0.0,-0.5
2.3333333333333335,LQR,0.0,0.0,-25.728764,-0.6933333333333335,0.8,1.0,0.6933333333333335,-0.8,0.0,0.0,-0.5
2.3541666666666665,LQR,0.0,0.0,-26.207975,-0.7066666666666666,0.8,1.0,0.7066666666666666,-0.8,0.0,0.0,-0.5
2.375,LQR,0.0,0.0,-26.691446,-0.72,0.8,1.0,0.72,-0.8,0.0,0.0,-0.5
2.3958333333333335,LQR,0.0,0.0,-27.179178,-0.7333333333333334,0.8,1.0,0.7333333333333334,-0.8,0.0,0.0,-0.5
2.4166666666666665,LQR,0.0,0.0,-27.671164,-0.7466666666666666,0.8,1.0,0.7466666666666666,-0.8,0.0,0.0,-0.5
2.4375,LQR,0.0,0.0,-28.167408,-0.76,0.8,1.0,0.76,-0.8,0.0,0.0,-0.5
2.4583333333333335,LQR,0.0,0.0,-28.667912,-0.7733333333333334,0.8,1.0,0.7733333333333334,-0.8,0.0,0.0,-0.5
2.4791666666666665,LQR,0.0,0.0,-29.17267,-0.7866666666666666,0.8,1.0,0.7866666666666666,-0.8,0.0,0.0,-0.5
2.5,LQR,0.0,0.0,-29.681688,-0.8,0.8,1.0,0.8,-0.8,0.0,0.0,-0.5
2.5208333333333335,LQR,0.0,0.0,-30.194965,-0.8,0.7866666666666666,1.0,0.8,-0.7866666666666666,0.0,0.0,-0.5
2.5416666666666665,LQR,0.0,0.0,-30.7125,-0.8,0.7733333333333334,1.0,0.8,-0.7733333333333334,0.0,0.0,-0.5
2.5625,LQR,0.0,0.0,-31.23429,-0.8,0.76,1.0,0.8,-0.76,0.0,0.0,-0.5
2.5833333333333335,LQR,0.0,0.0,-31.76034,-0.8,0.7466666666666666,1.0,0.8,-0.7466666666666666,0.0,0.0,-0.5
2.6041666666666665,LQR,0.0,0.0,-32.29065,-0.8,0.7333333333333335,1.0,0.8,-0.7333333333333335,0.0,0.0,-0.5
2.625,LQR,0.0,0.0,-32.825214,-0.8,0.7200000000000001,1.0,0.8,-0.7200000000000001,0.0,0.0,-0.5
2.6458333333333335,LQR,0.0,0.0,-33.364037,-0.8,0.7066666666666666,1.0,0.8,-0.7066666666666666,0.0,0.0,-0.5
2.6666666666666665,LQR,0.0,0.0,-33.907116,-0.8,0.6933333333333335,1.0,0.8,-0.6933333333333335,0.0,0.0,-0.5
2.6875,LQR,0.0,0.0,-34.454453,-0.8,0.68,1.0,0.8,-0.68,0.0,0.0,-0.5
2.7083333333333335,LQR,0.0,0.0,-35.00605,-0.8,0.6666666666666666,1.0,0.8,-0.6666666666666666,0.0,0.0,-0.5
2.7291666666666665,LQR,0.0,0.0,-35.5619,-0.8,0.6533333333333334,1.0,0.8,-0.6533333333333334,0.0,0.0,-0.5
2.75,LQR,0.0,0.0,-36.122013,-0.8,0.64,1.0,0.8,-0.64,0.0,0.0,-0.5
2.7708333333333335,LQR,0.0,0.0,-36.686382,-0.8,0.6266666666666666,1.0,0.8,-0.6266666666666666,0.0,0.0,-0.5
2.7916666666666665,LQR,0.0,0.0,-37.255005,-0.8,0.6133333333333335,1.0,0.8,-0.6133333333333335,0.0,0.0,-0.5
2.8125,LQR,0.0,0.0,-37.827892,-0.8,0.6000000000000001,1.0,0.8,-0.6000000000000001,0.0,0.0,-0.5
2.8333333333333335,LQR,0.0,0.0,-38.405037,-0.8,0.5866666666666667,1.0,0.8,-0.5866666666666667,0.0,0.0,-0.5
2.8541666666666665,LQR,0.0,0.0,-38.986435,-0.8,0.5733333333333335,1.0,0.8,-0.5733333333333335,0.0,0.0,-0.5
2.875,LQR,0.0,0.0,-39.572094,-0.8,0.56,1.0,0.8,-0.56,0.0,0.0,-0.5
2.8958333333333335,LQR,0.0,0.0,-40.16201,-0.8,0.5466666666666666,1.0,0.8,-0.5466666666666666,0.0,0.0,-0.5
2.9166666666666665,LQR,0.0,0.0,-40.756184,-0.8,0.5333333333333334,1.0,0.8,-0.5333333333333334,0.0,0.0,-0.5
2.9375,LQR,0.0,0.0,-41.354614,-0.8,0.52,1.0,0.8,-0.52,0.0,0.0,-0.5
2.9583333333333335,LQR,0.0,0.0,-41.957302,-0.8,0.5066666666666666,1.0,0.8,-0.5066666666666666,0.0,0.0,-0.5
2.9791666666666665,LQR,0.0,0.0,-42.56425,-0.8,0.49333333333333346,1.0,0.8,-0.49333333333333346,0.0,0.0,-0.5
3.0,LQR,0.0,0.0,-43.175453,-0.8,0.48000000000000004,1.0,0.8,-0.48000000000000004,0.0,0.0,-0.5
3.0208333333333335,LQR,0.0,0.0,-43.790916,-0.8,0.4666666666666666,1.0,0.8,-0.4666666666666666,0.0,0.0,-0.5
3.0416666666666665,LQR,0.0,0.0,-44.410637,-0.8,0.4533333333333335,1.0,0.8,-0.4533333333333335,0.0,0.0,-0.5
3.0625,LQR,0.0,0.0,-45.03461,-0.8,0.44000000000000006,1.0,0.8,-0.44000000000000006,0.0,0.0,-0.5
3.0833333333333335,LQR,0.0,0.0,-45.66285,-0.8,0.4266666666666666,1.0,0.8,-0.4266666666666666,0.0,0.0,-0.5
3.1041666666666665,LQR,0.0,0.0,-46.29534,-0.8,0.41333333333333344,1.0,0.8,-0.41333333333333344,0.0,0.0,-0.5
3.125,LQR,0.0,0.0,-46.93209,-0.8,0.4,1.0,0.8,-0.4,0.0,0.0,-0.5
3.1458333333333335,LQR,0.0,0.0,-47.5731,-0.8,0.3866666666666666,1.0,0.8,-0.3866666666666666,0.0,0.0,-0.5
3.1666666666666665,LQR,0.0,0.0,-48.218365,-0.8,0.37333333333333346,1.0,0.8,-0.37333333333333346,0.0,0.0,-0.5
3.1875,LQR,0.0,0.0,-48.86789,-0.8,0.36000000000000004,1.0,0.8,-0.36000000000000004,0.0,0.0,-0.5
3.2083333333333335,LQR,0.0,0.0,-49.52167,-0.8,0.3466666666666666,1.0,0.8,-0.3466666666666666,0.0,0.0,-0.5
3.2291666666666665,LQR,0.0,0.0,-50.17971,-0.8,0.3333333333333335,1.0,0.8,-0.3333333333333335,0.0,0.0,-0.5
3.25,LQR,0.0,0.0,-50.84201,-0.8,0.32000000000000006,1.0,0.8,-0.32000000000000006,0.0,0.0,-0.5
3.2708333333333335,LQR,0.0,0.0,-51.508564,-0.8,0.3066666666666666,1.0,0.8,-0.3066666666666666,0.0,0.0,-0.5
3.2916666666666665,LQR,0.0,0.0,-52.17938,-0.8,0.29333333333333345,1.0,0.8,-0.29333333333333345,0.0,0.0,-0.5
3.3125,LQR,0.0,0.0,-52.85445,-0.8,0.28,1.0,0.8,-0.28,0.0,0.0,-0.5
3.3333333333333335,LQR,0.0,0.0,-53.533775,-0.8,0.2666666666666666,1.0,0.8,-0.2666666666666666,0.0,0.0,-0.5
3.3541666666666665,LQR,0.0,0.0,-54.217365,-0.8,0.2533333333333334,1.0,0.8,-0.2533333333333334,0.0,0.0,-0.5
3.375,LQR,0.0,0.0,-54.905212,-0.8,0.24,1.0,0.8,-0.24,0.0,0.0,-0.5
3.3958333333333335,LQR,0.0,0.0,-55.597317,-0.8,0.22666666666666657,1.0,0.8,-0.22666666666666657,0.0,0.0,-0.5
3.4166666666666665,LQR,0.0,0.0,-56.29368,-0.8,0.21333333333333349,1.0,0.8,-0.21333333333333349,0.0,0.0,-0.5
3.4375,LQR,0.0,0.0,-56.994297,-0.8,0.20000000000000007,1.0,0.8,-0.20000000000000007,0.0,0.0,-0.5
3.4583333333333335,LQR,0.0,0.0,-57.699177,-0.8,0.18666666666666665,1.0,0.8,-0.18666666666666665,0.0,0.0,-0.5
3.4791666666666665,LQR,0.0,0.0,-58.408314,-0.8,0.17333333333333345,1.0,0.8,-0.17333333333333345,0.0,0.0,-0.5
3.5,LQR,0.0,0.0,-59.121704,-0.8,0.16000000000000003,1.0,0.8,-0.16000000000000003,0.0,0.0,-0.5
3.5208333333333335,LQR,0.0,0.0,-59.83936,-0.8,0.1466666666666666,1.0,0.8,-0.1466666666666666,0.0,0.0,-0.5
3.5416666666666665,LQR,0.0,0.0,-60.56127,-0.8,0.13333333333333341,1.0,0.8,-0.13333333333333341,0.0,0.0,-0.5
3.5625,LQR,0.0,0.0,-61.28744,-0.8,0.12,1.0,0.8,-0.12,0.0,0.0,-0.5
3.5833333333333335,LQR,0.0,0.0,-62.017868,-0.8,0.10666666666666658,1.0,0.8,-0.10666666666666658,0.0,0.0,-0.5
3.6041666666666665,LQR,0.0,0.0,-62.752552,-0.8,0.09333333333333349,1.0,0.8,-0.09333333333333349,0.0,0.0,-0.5
3.625,LQR,0.0,0.0,-63.491497,-0.8,0.08000000000000007,1.0,0.8,-0.08000000000000007,0.0,0.0,-0.5
3.6458333333333335,LQR,0.0,0.0,-64.234695,-0.8,0.06666666666666665,1.0,0.8,-0.06666666666666665,0.0,0.0,-0.5
3.6666666666666665,LQR,0.0,0.0,-64.982155,-0.8,0.053333333333333455,1.0,0.8,-0.053333333333333455,0.0,0.0,-0.5
3.6875,LQR,0.0,0.0,-65.73387,-0.8,0.040000000000000036,1.0,0.8,-0.040000000000000036,0.0,0.0,-0.5
3.7083333333333335,LQR,0.0,0.0,-66.48985,-0.8,0.026666666666666616,1.0,0.8,-0.026666666666666616,0.0,0.0,-0.5
3.7291666666666665,LQR,0.0,0.0,-67.250084,-0.8,0.01333333333333342,1.0,0.8,-0.01333333333333342,0.0,0.0,-0.5
3.75,LQR,0.0,0.0,-68.01457,-0.8,0.0,1.0,0.8,0.0,0.0,0.0,-0.5
3.7708333333333335,LQR,0.0,0.0,-68.783325,-0.7866666666666666,0.0,1.0,0.7866666666666666,0.0,0.0,0.0,-0.5
3.7916666666666665,LQR,0.0,0.0,-69.556335,-0.7733333333333334,0.0,1.0,0.7733333333333334,0.0,0.0,0.0,-0.5
3.8125,LQR,0.0,0.0,-70.3336,-0.76,0.0,1.0,0.76,0.0,0.0,0.0,-0.5
3.8333333333333335,LQR,0.0,0.0,-71.11513,-0.7466666666666666,0.0,1.0,0.7466666666666666,0.0,0.0,0.0,-0.5
3.8541666666666665,LQR,0.0,0.0,-71.90091,-0.7333333333333335,0.0,1.0,0.7333333333333335,0.0,0.0,0.0,-0.5
3.875,LQR,0.0,0.0,-72.69095,-0.7200000000000001,0.0,1.0,0.7200000000000001,0.0,0.0,0.0,-0.5
3.8958333333333335,LQR,0.0,0.0,-73.48525,-0.7066666666666666,0.0,1.0,0.7066666666666666,0.0,0.0,0.0,-0.5
3.9166666666666665,LQR,0.0,0.0,-74.283806,-0.6933333333333335,0.0,1.0,0.6933333333333335,0.0,0.0,0.0,-0.5
3.9375,LQR,0.0,0.0,-75.086624,-0.68,0.0,1.0,0.68,0.0,0.0,0.0,-0.5
3.9583333333333335,LQR,0.0,0.0,-75.8937,-0.6666666666666666,0.0,1.0,0.6666666666666666,0.0,0.0,0.0,-0.5
3.9791666666666665,LQR,0.0,0.0,-76.70503,-0.6533333333333334,0.0,1.0,0.6533333333333334,0.0,0.0,0.0,-0.5
0.0,Pi-Flight,0.0,0.0,1.0,0.0,0.0,1.0,0.0,0.0,0.0,0.0,0.0
0.020833333333333332,Pi-Flight,0.0,0.0,0.99765825,0.0,0.013333333333333332,1.0,0.0,-0.013333333333333332,0.0,0.0,1.20689245e-08
0.041666666666666664,Pi-Flight,0.0,0.0,0.99105865,0.0,0.026666666666666665,1.0,0.0,-0.026666666666666665,0.0,0.0,6.2430786e-08
0.0625,Pi-Flight,0.0,0.0,0.9802012,0.0,0.04,1.0,0.0,-0.04,0.0,0.0,1.8026078e-07
0.08333333333333333,Pi-Flight,0.0,0.0,0.9650859,0.0,0.05333333333333333,1.0,0.0,-0.05333333333333333,0.0,0.0,3.9778558e-07
0.10416666666666667,Pi-Flight,0.0,0.0,0.9457129,0.0,0.06666666666666667,1.0,0.0,-0.06666666666666667,0.0,0.0,7.5038355e-07
0.125,Pi-Flight,0.0,0.0,0.92208207,0.0,0.08,1.0,0.0,-0.08,0.0,0.0,1.2766826e-06
0.14583333333333334,Pi-Flight,0.0,0.0,0.89419335,0.0,0.09333333333333334,1.0,0.0,-0.09333333333333334,0.0,0.0,2.0186576e-06
0.16666666666666666,Pi-Flight,0.0,0.0,0.8620469,0.0,0.10666666666666666,1.0,0.0,-0.10666666666666666,0.0,0.0,3.0217286e-06
0.1875,Pi-Flight,0.0,0.0,0.82564265,0.0,0.12,1.0,0.0,-0.12,0.0,0.0,4.334855e-06
0.20833333333333334,Pi-Flight,0.0,0.0,0.7849806,0.0,0.13333333333333333,1.0,0.0,-0.13333333333333333,0.0,0.0,6.010632e-06
0.22916666666666666,Pi-Flight,0.0,0.0,0.7400606,0.0,0.14666666666666667,1.0,0.0,-0.14666666666666667,0.0,0.0,8.105378e-06
0.25,Pi-Flight,0.0,0.0,0.6908829,0.0,0.16,1.0,0.0,-0.16,0.0,0.0,1.0679233e-05
0.2708333333333333,Pi-Flight,0.0,0.0,0.6374475,0.0,0.1733333333333333,1.0,0.0,-0.1733333333333333,0.0,0.0,1.3796254e-05
0.2916666666666667,Pi-Flight,0.0,0.0,0.5797541,0.0,0.18666666666666668,1.0,0.0,-0.18666666666666668,0.0,0.0,1.7524497e-05
0.3125,Pi-Flight,0.0,0.0,0.51780295,0.0,0.2,1.0,0.0,-0.2,0.0,0.0,2.193611e-05
0.3333333333333333,Pi-Flight,0.0,0.0,0.451594,0.0,0.21333333333333332,1.0,0.0,-0.21333333333333332,0.0,0.0,2.7107433e-05
0.3541666666666667,Pi-Flight,0.0,0.0,0.38112727,0.0,0.22666666666666668,1.0,0.0,-0.22666666666666668,0.0,0.0,3.3119053e-05
0.375,Pi-Flight,0.0,0.0,0.3064027,0.0,0.24,1.0,0.0,-0.24,0.0,0.0,4.005593e-05
0.3958333333333333,Pi-Flight,0.0,0.0,0.22742037,0.0,0.2533333333333333,1.0,0.0,-0.2533333333333333,0.0,0.0,4.800748e-05
0.4166666666666667,Pi-Flight,0.0,0.0,0.14418021,0.0,0.26666666666666666,1.0,0.0,-0.26666666666666666,0.0,0.0,5.7067624e-05
0.4375,Pi-Flight,0.0,0.0,0.05668219,0.0,0.28,1.0,0.0,-0.28,0.0,0.0,6.733491e-05
0.4583333333333333,Pi-Flight,0.0,0.0,-0.035073638,0.0,0.29333333333333333,1.0,0.0,-0.29333333333333333,0.0,0.0,7.8912555e-05
0.4791666666666667,Pi-Flight,0.0,0.0,-0.13108723,0.0,0.3066666666666667,1.0,0.0,-0.3066666666666667,0.0,0.0,9.1908514e-05
0.5,Pi-Flight,0.0,0.0,-0.23135859,0.0,0.32,1.0,0.0,-0.32,0.0,0.0,0.00010643575
0.5208333333333334,Pi-Flight,0.0,0.0,-0.33588773,0.0,0.33333333333333337,1.0,0.0,-0.33333333333333337,0.0,0.0,0.00012261207
0.5416666666666666,Pi-Flight,0.0,0.0,-0.44467464,0.0,0.3466666666666666,1.0,0.0,-0.3466666666666666,0.0,0.0,0.00014056022
0.5625,Pi-Flight,0.0,0.0,-0.55771935,0.0,0.36,1.0,0.0,-0.36,0.0,0.0,0.00016040822
0.5833333333333334,Pi-Flight,0.0,0.0,-0.67502177,0.0,0.37333333333333335,1.0,0.0,-0.37333333333333335,0.0,0.0,0.00018228915
0.6041666666666666,Pi-Flight,0.0,0.0,-0.796582,0.0,0.38666666666666666,1.0,0.0,-0.38666666666666666,0.0,0.0,0.00020634141
0.625,Pi-Flight,0.0,0.0,-0.92239994,0.0,0.4,1.0,0.0,-0.4,0.0,0.0,0.00023270851
0.6458333333333334,Pi-Flight,0.0,0.0,-1.0524756,0.0,0.4133333333333334,1.0,0.0,-0.4133333333333334,0.0,0.0,0.00026153988
0.6666666666666666,Pi-Flight,0.0,0.0,-1.186809,0.0,0.42666666666666664,1.0,0.0,-0.42666666666666664,0.0,0.0,0.00029298992
0.6875,Pi-Flight,0.0,0.0,-1.3254001,0.0,0.44,1.0,0.0,-0.44,0.0,0.0,0.00032721873
0.7083333333333334,Pi-Flight,0.0,0.0,-1.468249,0.0,0.45333333333333337,1.0,0.0,-0.45333333333333337,0.0,0.0,0.00036439224
0.7291666666666666,Pi-Flight,0.0,0.0,-1.6153556,0.0,0.4666666666666667,1.0,0.0,-0.4666666666666667,0.0,0.0,0.00040468192
0.75,Pi-Flight,0.0,0.0,-1.76672,0.0,0.48,1.0,0.0,-0.48,0.0,0.0,0.00044826497
0.7708333333333334,Pi-Flight,-5.0634444e-15,-3.0268738e-19,-1.9223422,0.0,0.49333333333333335,1.0,-5.063444374073592e-15,-0.49333333333333335,-1.2152265e-12,-7.263447e-17,0.00049532426
0.7916666666666666,Pi-Flight,-1.7226303e-13,-1.0276698e-17,-2.0822222,0.0,0.5066666666666666,1.0,-1.7226302849449038e-13,-0.5066666666666666,-1.5984667e-11,-9.527931e-16,0.0005460494
0.8125,Pi-Flight,-8.6110275e-13,-5.1262838e-17,-2.2463598,0.0,0.52,1.0,-8.61102747266862e-13,-0.52,-4.961297e-11,-2.9491002e-15,0.0006006349
0.8333333333333334,Pi-Flight,-2.496242e-12,-1.4829544e-16,-2.4147553,0.0,0.5333333333333333,1.0,-2.4962419284402237e-12,-0.5333333333333334,-1.0488278e-10,-6.2175073e-15,0.0006592822
0.8541666666666666,Pi-Flight,-5.56285e-12,-3.2979164e-16,-2.5874085,0.0,0.5466666666666666,1.0,-5.562850093759897e-12,-0.546666666666667,-1.847986e-10,-1.092567e-14,0.00072219846
0.875,Pi-Flight,-1.06113425e-11,-6.2780134e-16,-2.7643194,0.0,0.56,1.0,-1.0611342533828338e-11,-0.5600000000000007,-2.9259678e-10,-1.7253473e-14,0.000789597
0.8958333333333334,Pi-Flight,-1.8262324e-11,-1.078268e-15,-2.9454882,0.0,0.5733333333333334,1.0,-1.8262323944751024e-11,-0.5733333333333345,-4.317553e-10,-2.5393579e-14,0.0008616978
0.9166666666666666,Pi-Flight,-2.9211737e-11,-1.7213015e-15,-3.1309147,0.0,0.5866666666666667,1.0,-2.9211737195833365e-11,-0.5866666666666684,-6.060041e-10,-3.5551965e-14,0.0009387263
0.9375,Pi-Flight,-4.4294752e-11,-2.6047947e-15,-3.3205988,0.0,0.6,1.0,-4.4294751894158324e-11,-0.6000000000000025,-8.2797696e-10,-4.84413e-14,0.0010209148
0.9583333333333334,Pi-Flight,-6.4818866e-11,-3.8035583e-15,-3.514541,0.0,0.6133333333333334,1.0,-6.481886555276262e-11,-0.6133333333333372,-1.1221492e-09,-6.5466025e-14,0.0011085027
0.9791666666666666,Pi-Flight,-9.239516e-11,-5.4101426e-15,-3.7127407,0.0,0.6266666666666667,1.0,-9.239516096659628e-11,-0.6266666666666721,-1.4974867e-09,-8.716431e-14,0.0012017353
1.0,Pi-Flight,-1.2881736e-10,-7.528153e-15,-3.915198,0.0,0.64,1.0,-1.288173595570541e-10,-0.6400000000000076,-1.962984e-09,-1.1408287e-13,0.0013008646
1.0208333333333333,Pi-Flight,-1.7607334e-10,-1.0273052e-14,-4.1219134,0.0,0.6533333333333333,1.0,-1.760733364664091e-10,-0.6533333333333436,-2.5282278e-09,-1.4680957e-13,0.0014061494
1.0416666666666667,Pi-Flight,-2.36438e-10,-1.37778345e-14,-4.332886,0.0,0.6666666666666667,1.0,-2.364380080610573e-10,-0.6666666666666805,-3.215289e-09,-1.8668408e-13,0.0015178537
1.0625,Pi-Flight,-3.1293362e-10,-1.8221142e-14,-4.548117,0.0,0.68,1.0,-3.129336234586333e-10,-0.6800000000000183,-4.0624877e-09,-2.360799e-13,0.0016362511
1.0833333333333333,Pi-Flight,-4.0909792e-10,-2.3815109e-14,-4.767606,0.0,0.6933333333333332,1.0,-4.0909792220489294e-10,-0.6933333333333571,-5.08691e-09,-2.9617224e-13,0.0017616204
1.1041666666666667,Pi-Flight,-5.2882115e-10,-3.0796502e-14,-4.991352,0.0,0.7066666666666668,1.0,-5.288211535336984e-10,-0.7066666666666975,-6.3058994e-09,-3.6818313e-13,0.001894247
1.125,Pi-Flight,-6.7650385e-10,-3.943754e-14,-5.219356,0.0,0.72,1.0,-6.765038529366052e-10,-0.7200000000000394,-7.7566185e-09,-4.5465286e-13,0.0020344239
1.1458333333333333,Pi-Flight,-8.576364e-10,-5.0085394e-14,-5.4516177,0.0,0.7333333333333333,1.0,-8.576364063372921e-10,-0.7333333333333834,-9.4905115e-09,-5.592056e-13,0.0021824513
1.1666666666666667,Pi-Flight,-1.0784188e-09,-6.314106e-14,-5.6881375,0.0,0.7466666666666667,1.0,-1.078418798705627e-09,-0.7466666666667299,-1.1533876e-08,-6.839715e-13,0.0023386346
1.1875,Pi-Flight,-1.3457362e-09,-7.906049e-14,-5.9289145,0.0,0.76,1.0,-1.3457361891511255e-09,-0.7600000000000791,-1.3932269e-08,-8.3252556e-13,0.0025032896
1.2083333333333333,Pi-Flight,-1.6678551e-09,-9.840742e-14,-6.1739497,0.0,0.7733333333333333,1.0,-1.6678550762705413e-09,-0.7733333333334317,-1.6755676e-08,-1.0104422e-12,0.0026767366
1.2291666666666667,Pi-Flight,-2.0540796e-09,-1.2183508e-13,-6.4232426,0.0,0.7866666666666667,1.0,-2.0540795730994432e-09,-0.7866666666667885,-2.0042604e-08,-1.2213073e-12,0.0028593037
1.25,Pi-Flight,-2.5147815e-09,-1.5009427e-13,-6.676793,0.0,0.8,1.0,-2.514781494156182e-09,-0.8000000000001501,-2.386504e-08,-1.4715314e-12,0.0030513292
1.2708333333333333,Pi-Flight,-3.0621272e-09,-1.8409772e-13,-6.934602,-0.013333333333333286,0.8,1.0,0.013333330271206067,-0.8000000000001841,-2.8302273e-08,-1.768572e-12,0.016212959
1.2916666666666667,Pi-Flight,-3.7095784e-09,-2.2489022e-13,-7.1966677,-0.026666666666666713,0.8,1.0,0.02666666295708829,-0.800000000000225,-3.3418235e-08,-2.1191224e-12,0.029383574
1.3125,Pi-Flight,-4.472577e-09,-2.737176e-13,-7.4629917,-0.04,0.8,1.0,0.039999995527423025,-0.8000000000002737,-3.932404e-08,-2.534505e-12,0.04256237
1.3333333333333333,Pi-Flight,-5.3684617e-09,-3.320331e-13,-7.7335734,-0.05333333333333329,0.8,1.0,0.05333332796487161,-0.8000000000003321,-4.6099114e-08,-3.0239585e-12,0.05574854
1.3541666666666667,Pi-Flight,-6.4168453e-09,-4.0154948e-13,-8.008412,-0.06666666666666672,0.8,1.0,0.06666666024982144,-0.8000000000004016,-5.3875386e-08,-3.6024818e-12,0.068941295
1.375,Pi-Flight,-7.639752e-09,-4.842708e-13,-8.287509,-0.08,0.8,1.0,0.07999999236024806,-0.8000000000004843,-6.2757216e-08,-4.283443e-12,0.082139865
1.3958333333333333,Pi-Flight,-9.061998e-09,-5.8255674e-13,-8.570865,-0.09333333333333328,0.8,1.0,0.09333332427133502,-0.8000000000005826,-7.289727e-08,-5.08637e-12,0.09534346
1.4166666666666667,Pi-Flight,-1.0711235e-08,-6.991528e-13,-8.858477,-0.10666666666666672,0.8,1.0,0.10666665595543215,-0.8000000000006992,-8.442931e-08,-6.0302596e-12,0.10855134
1.4375,Pi-Flight,-1.26185284e-08,-8.372903e-13,-9.150348,-0.12,0.8,1.0,0.11999998738147155,-0.8000000000008374,-9.7523504e-08,-7.1398156e-12,0.121762745
1.4583333333333333,Pi-Flight,-1.4818326e-08,-1.000719e-12,-9.446476,-0.13333333333333328,0.8,1.0,0.13333331851500715,-0.8000000000010008,-1.12360134e-07,-8.443101e-12,0.13497694
1.4791666666666667,Pi-Flight,-1.7349153e-08,-1.1938384e-12,-9.746861,-0.14666666666666672,0.8,1.0,0.1466666493175135,-0.8000000000011939,-1.291295e-07,-9.971675e-12,0.14819318
1.5,Pi-Flight,-2.0253886e-08,-1.421788e-12,-10.051505,-0.16,0.8,1.0,0.15999997974611432,-0.8000000000014218,-1.4805524e-07,-1.17642745e-11,0.16141078
1.5208333333333333,Pi-Flight,-2.357999e-08,-1.6905426e-12,-10.360407,-0.17333333333333328,0.8,1.0,0.17333330975334377,-0.8000000000016906,-1.6937157e-07,-1.38644625e-11,0.17462902
1.5416666666666667,Pi-Flight,-2.7380212e-08,-2.0070829e-12,-10.673565,-0.18666666666666673,0.8,1.0,0.18666663928645486,-0.8000000000020071,-1.933358e-07,-1.6322861e-11,0.1878472
1.5625,Pi-Flight,-3.1713032e-08,-2.379552e-12,-10.990981,-0.2,0.8,1.0,0.1999999682869678,-0.8000000000023796,-2.2023262e-07,-1.9198728e-11,0.20106466
1.5833333333333333,Pi-Flight,-3.6643076e-08,-2.8174219e-12,-11.312655,-0.2133333333333333,0.8,1.0,0.21333329669025716,-0.8000000000028175,-2.5037386e-07,-2.2560913e-11,0.21428074
1.6041666666666667,Pi-Flight,-4.224177e-08,-3.331718e-12,-11.638586,-0.2266666666666667,0.8,1.0,0.22666662442489752,-0.8000000000033317,-2.8409758e-07,-2.6488799e-11,0.22749478
1.625,Pi-Flight,-4.858782e-08,-3.93524e-12,-11.968775,-0.24,0.8,1.0,0.23999995141217823,-0.8000000000039352,-3.2176658e-07,-3.107307e-11,0.24070616
1.6458333333333333,Pi-Flight,-5.576798e-08,-4.6428516e-12,-12.303222,-0.2533333333333333,0.8,1.0,0.25333327756535284,-0.8000000000046429,-3.6377932e-07,-3.641901e-11,0.25391424
1.6666666666666667,Pi-Flight,-6.387759e-08,-5.4717762e-12,-12.641926,-0.2666666666666667,0.8,1.0,0.2666666027890737,-0.8000000000054718,-4.1056276e-07,-4.264664e-11,0.26711845
1.6875,Pi-Flight,-7.302146e-08,-6.441969e-12,-12.984887,-0.28,0.8,1.0,0.27999992697853915,-0.800000000006442,-4.6259063e-07,-4.9896382e-11,0.28031817
1.7083333333333333,Pi-Flight,-8.331462e-08,-7.576531e-12,-13.332108,-0.2933333333333333,0.8,1.0,0.29333325001871585,-0.8000000000075765,-5.2037024e-07,-5.832813e-11,0.29351288
1.7291666666666667,Pi-Flight,-9.488327e-08,-8.902196e-12,-13.683584,-0.3066666666666667,0.8,1.0,0.30666657178339746,-0.8000000000089023,-5.844619e-07,-6.8128315e-11,0.30670196
1.75,Pi-Flight,-1.0786579e-07,-1.0449874e-11,-14.039319,-0.32,0.8,1.0,0.3199998921342126,-0.8000000000104499,-6.5546885e-07,-7.950996e-11,0.31988487
1.7708333333333333,Pi-Flight,-1.2241355e-07,-1.2255228e-11,-14.399311,-0.3333333333333333,0.8,1.0,0.33333321091978024,-0.8000000000122552,-7.3403146e-07,-9.2713594e-11,0.33306116
1.7916666666666667,Pi-Flight,-1.3869179e-07,-1.4359321e-11,-14.76356,-0.34666666666666673,0.8,1.0,0.346666527974878,-0.8000000000143593,-8.208443e-07,-1.0801519e-10,0.34623027
1.8125,Pi-Flight,-1.5688104e-07,-1.6809451e-11,-15.132067,-0.36,0.8,1.0,0.3599998431189567,-0.8000000000168095,-9.166656e-07,-1.2573236e-10,0.35939178
1.8333333333333333,Pi-Flight,-1.7717822e-07,-1.966001e-11,-15.50483,-0.3733333333333333,0.8,1.0,0.373333156155111,-0.8000000000196601,-1.0223031e-06,-1.4622413e-10,0.37254518
1.8541666666666667,Pi-Flight,-1.9979782e-07,-2.2973446e-11,-15.881852,-0.3866666666666667,0.8,1.0,0.3866664668688422,-0.8000000000229734,-1.1386345e-06,-1.6990236e-10,0.38569003
1.875,Pi-Flight,-2.2497333e-07,-2.6821446e-11,-16.26313,-0.4,0.8,1.0,0.39999977502666584,-0.8000000000268215,-1.266609e-06,-1.9723702e-10,0.39882594
1.8958333333333333,Pi-Flight,-2.5295915e-07,-3.1286248e-11,-16.648666,-0.4133333333333333,0.8,1.0,0.4133330803741792,-0.8000000000312862,-1.4072508e-06,-2.2876386e-10,0.41195247
1.9166666666666667,Pi-Flight,-2.840315e-07,-3.6462014e-11,-17.038462,-0.42666666666666675,0.8,1.0,0.4266663826351662,-0.8000000000364621,-1.5616487e-06,-2.65086e-10,0.42506924
1.9375,Pi-Flight,-3.1849032e-07,-4.2456403e-11,-17.43251,-0.44,0.8,1.0,0.4399996815096779,-0.8000000000424564,-1.7309802e-06,-3.068909e-10,0.4381759
1.9583333333333333,Pi-Flight,-3.5666108e-07,-4.9392396e-11,-17.830818,-0.4533333333333333,0.8,1.0,0.4533329766722575,-0.8000000000493924,-1.9165007e-06,-3.54953e-10,0.4512721
1.9791666666666667,Pi-Flight,-3.9889662e-07,-5.741038e-11,-18.233385,-0.46666666666666673,0.8,1.0,0.46666626777004966,-0.8000000000574105,-2.1195822e-06,-4.1016085e-10,0.4643575
2.0,Pi-Flight,-4.455793e-07,-6.667043e-11,-18.640207,-0.48,0.8,1.0,0.47999955442069675,-0.8000000000666705,-2.3416676e-06,-4.735049e-10,0.47743183
2.0208333333333335,Pi-Flight,-4.9712264e-07,-7.7354734e-11,-19.051289,-0.49333333333333346,0.8,1.0,0.49333283621069174,-0.8000000000773548,-2.5843049e-06,-5.461033e-10,0.4904948
2.0416666666666665,Pi-Flight,-5.539738e-07,-8.967042e-11,-19.466625,-0.5066666666666666,0.8,1.0,0.5066661126928753,-0.8000000000896704,-2.8491638e-06,-6.2922423e-10,0.5035461
2.0625,Pi-Flight,-6.1661615e-07,-1.03852864e-10,-19.886219,-0.52,0.8,1.0,0.5199993833838517,-0.8000000001038529,-3.1380393e-06,-7.2430173e-10,0.5165855
2.0833333333333335,Pi-Flight,-6.8557165e-07,-1.2016924e-10,-20.310074,-0.5333333333333334,0.8,1.0,0.5333326477616842,-0.8000000001201693,-3.4528177e-06,-8.3292684e-10,0.52961296
2.1041666666666665,Pi-Flight,-7.6140304e-07,-1.3892212e-10,-20.738182,-0.5466666666666666,0.8,1.0,0.5466659052636229,-0.8000000001389221,-3.7955335e-06,-9.569011e-10,0.5426281
2.125,Pi-Flight,-8.4471725e-07,-1.6045426e-10,-21.17055,-0.56,0.8,1.0,0.559999155282751,-0.8000000001604544,-4.168374e-06,-1.0982574e-09,0.5556308
2.1458333333333335,Pi-Flight,-9.361686e-07,-1.8515375e-10,-21.607174,-0.5733333333333335,0.8,1.0,0.5733323971647437,-0.8000000001851538,-4.5736874e-06,-1.2592861e-09,0.568621
2.1666666666666665,Pi-Flight,-1.0364621e-06,-2.1345925e-10,-22.048054,-0.5866666666666666,0.8,1.0,0.5866656302045717,-0.8000000002134593,-5.0139565e-06,-1.442538e-09,0.5815984
2.1875,Pi-Flight,-1.146356e-06,-2.458661e-10,-22.493195,-0.6,0.8,1.0,0.5999988536440014,-0.8000000002458661,-5.4918314e-06,-1.6508708e-09,0.5945631
2.2083333333333335,Pi-Flight,-1.2666654e-06,-2.829326e-10,-22.94259,-0.6133333333333334,0.8,1.0,0.6133320666678977,-0.8000000002829326,-6.0100906e-06,-1.8874422e-09,0.6075149
2.2291666666666665,Pi-Flight,-1.3982664e-06,-3.2528766e-10,-23.396244,-0.6266666666666666,0.8,1.0,0.6266652684003035,-0.8000000003252877,-6.5717663e-06,-2.1558435e-09,0.62045383
2.25,Pi-Flight,-1.5420997e-06,-3.7363973e-10,-23.854156,-0.64,0.8,1.0,0.6399984579003467,-0.8000000003736398,-7.1800728e-06,-2.4600735e-09,0.6333799
2.2708333333333335,Pi-Flight,-1.699176e-06,-4.287856e-10,-24.316324,-0.6533333333333334,0.8,1.0,0.6533316341573513,-0.8000000004287856,-7.838416e-06,-2.8045783e-09,0.6462929
2.2916666666666665,Pi-Flight,-1.8705786e-06,-4.916201e-10,-24.782751,-0.6666666666666666,0.8,1.0,0.6666647960881088,-0.8000000004916201,-8.5504e-06,-3.1942946e-09,0.6591931
2.3125,Pi-Flight,-2.0574694e-06,-5.63148e-10,-25.253433,-0.68,0.8,1.0,0.6799979425306265,-0.800000000563148,-9.319894e-06,-3.634761e-09,0.6720804
2.3333333333333335,Pi-Flight,-2.2610927e-06,-6.44496e-10,-25.728373,-0.6933333333333335,0.8,1.0,0.6933310722406018,-0.8000000006444961,-1.0150985e-05,-4.1321075e-09,0.684955
2.3541666666666665,Pi-Flight,-2.4827814e-06,-7.369261e-10,-26.207571,-0.7066666666666666,0.8,1.0,0.7066641838852834,-0.8000000007369261,-1.1047985e-05,-4.693121e-09,0.69781685
2.375,Pi-Flight,-2.7239612e-06,-8.418503e-10,-26.691023,-0.72,0.8,1.0,0.7199972760388118,-0.8000000008418504,-1.2015511e-05,-5.325385e-09,0.71066624
2.3958333333333335,Pi-Flight,-2.9861567e-06,-9.608483e-10,-27.178736,-0.7333333333333334,0.8,1.0,0.7333303471766461,-0.8000000009608483,-1.3058456e-05,-6.0373e-09,0.7235032
2.4166666666666665,Pi-Flight,-3.2709981e-06,-1.0956847e-09,-27.670702,-0.7466666666666666,0.8,1.0,0.7466633956685169,-0.8000000010956847,-1.4181975e-05,-6.838142e-09,0.73632795
2.4375,Pi-Flight,-3.5802273e-06,-1.2483299e-09,-28.166927,-0.76,0.8,1.0,0.7599964197727422,-0.8000000012483299,-1.5391633e-05,-7.738328e-09,0.74914074
2.4583333333333335,Pi-Flight,-3.9157057e-06,-1.4209833e-09,-28.667408,-0.7733333333333334,0.8,1.0,0.7733294176275862,-0.8000000014209834,-1.669324e-05,-8.749269e-09,0.7619417
2.4791666666666665,Pi-Flight,-4.279419e-06,-1.6160954e-09,-29.172146,-0.7866666666666666,0.8,1.0,0.7866623872476217,-0.8000000016160954,-1.809299e-05,-9.883638e-09,0.77473116
2.5,Pi-Flight,-4.673486e-06,-1.8363954e-09,-29.68114,-0.8,0.8,1.0,0.7999953265141813,-0.8000000018363954,-1.9597352e-05,-1.1155312e-08,0.78750944
2.5208333333333335,Pi-Flight,-5.100165e-06,-2.084918e-09,-30.194393,-0.8,0.7866666666666666,1.0,0.7999948998352011,-0.7866666687515846,-2.121321e-05,-1.2579679e-08,0.78923655
2.5416666666666665,Pi-Flight,-5.5618607e-06,-2.3650373e-09,-30.711905,-0.8,0.7733333333333334,1.0,0.7999944381393107,-0.7733333356983707,-2.2947861e-05,-1.4173737e-08,0.7910103
2.5625,Pi-Flight,-6.061137e-06,-2.6805007e-09,-31.23367,-0.8,0.76,1.0,0.7999939388630992,-0.7600000026805007,-2.4809033e-05,-1.5956259e-08,0.79283166
2.5833333333333335,Pi-Flight,-6.6007224e-06,-3.0354692e-09,-31.759693,-0.8,0.7466666666666666,1.0,0.7999933992776278,-0.7466666697021358,-2.6804864e-05,-1.7947867e-08,0.79470146
2.6041666666666665,Pi-Flight,-7.1835193e-06,-3.4345546e-09,-32.289974,-0.8,0.7333333333333335,1.0,0.7999928164806989,-0.7333333367678881,-2.8943887e-05,-2.0171152e-08,0.7966207
2.625,Pi-Flight,-7.812615e-06,-3.8828674e-09,-32.824512,-0.8,0.7200000000000001,1.0,0.7999921873850326,-0.7200000038828674,-3.1235202e-05,-2.2651152e-08,0.7985903
2.6458333333333335,Pi-Flight,-8.491292e-06,-4.3860675e-09,-33.363304,-0.8,0.7066666666666666,1.0,0.7999915087082627,-0.7066666710527341,-3.3688408e-05,-2.5415362e-08,0.8006111
2.6666666666666665,Pi-Flight,-9.223038e-06,-4.9504187e-09,-33.906357,-0.8,0.6933333333333335,1.0,0.7999907769615675,-0.6933333382837522,-3.6313635e-05,-2.8494012e-08,0.80268395
2.6875,Pi-Flight,-1.001156e-05,-5.5828457e-09,-34.453663,-0.8,0.68,1.0,0.7999899884396655,-0.6800000055828458,-3.9121463e-05,-3.1920074e-08,0.8048101
2.7083333333333335,Pi-Flight,-1.08607865e-05,-6.291001e-09,-35.005226,-0.8,0.6666666666666666,1.0,0.7999891392135396,-0.6666666729576677,-4.212321e-05,-3.5730082e-08,0.8069904
2.7291666666666665,Pi-Flight,-1.1774895e-05,-7.083335e-09,-35.561047,-0.8,0.6533333333333334,1.0,0.7999882251049713,-0.6533333404166682,-4.5330635e-05,-3.996371e-08,0.80922574
2.75,Pi-Flight,-1.2758309e-05,-7.969165e-09,-36.12112,-0.8,0.64,1.0,0.7999872416910876,-0.6400000079691649,-4.8756185e-05,-4.4664574e-08,0.81151724
2.7708333333333335,Pi-Flight,-1.3815728e-05,-8.958773e-09,-36.685455,-0.8,0.6266666666666666,1.0,0.79998618427162,-0.6266666756254399,-5.2413146e-05,-4.988091e-08,0.81386596
2.7916666666666665,Pi-Flight,-1.495213e-05,-1.0063497e-08,-37.25404,-0.8,0.6133333333333335,1.0,0.7999850478698136,-0.6133333433968302,-5.6315374e-05,-5.566521e-08,0.81627285
2.8125,Pi-Flight,-1.6172791e-05,-1.1295813e-08,-37.82689,-0.8,0.6000000000000001,1.0,0.79998382720878,-0.6000000112958133,-6.0477345e-05,-6.207452e-08,0.8187389
2.8333333333333335,Pi-Flight,-1.7483295e-05,-1.2669449e-08,-38.40399,-0.8,0.5866666666666667,1.0,0.7999825167051313,-0.5866666793361153,-6.491416e-05,-6.9170824e-08,0.82126504
2.8541666666666665,Pi-Flight,-1.8889548e-05,-1.419949e-08,-38.98535,-0.8,0.5733333333333335,1.0,0.7999811104516994,-0.5733333475328231,-6.9641916e-05,-7.702252e-08,0.8238524
2.875,Pi-Flight,-2.0397805e-05,-1.5902517e-08,-39.57097,-0.8,0.56,1.0,0.7999796021947987,-0.5600000159025167,-7.467737e-05,-8.570363e-08,0.8265022
2.8958333333333335,Pi-Flight,-2.2014678e-05,-1.7796731e-08,-40.16084,-0.8,0.5466666666666666,1.0,0.7999779853224027,-0.5466666844633978,-8.0038284e-05,-9.5295476e-08,0.82921535
2.9166666666666665,Pi-Flight,-2.374716e-05,-1.9902107e-08,-40.75497,-0.8,0.5333333333333334,1.0,0.7999762528404972,-0.5333333532354401,-8.57432e-05,-1.0588647e-07,0.8319929
2.9375,Pi-Flight,-2.560264e-05,-2.2240558e-08,-41.35335,-0.8,0.52,1.0,0.7999743973603473,-0.5200000222405579,-9.181173e-05,-1.17573265e-07,0.83483607
2.9583333333333335,Pi-Flight,-2.758893e-05,-2.483611e-08,-41.955994,-0.8,0.5066666666666666,1.0,0.7999724110693933,-0.5066666915027767,-9.826437e-05,-1.3046098e-07,0.83774585
2.9791666666666665,Pi-Flight,-2.9714278e-05,-2.7715075e-08,-42.56289,-0.8,0.49333333333333346,1.0,0.7999702857221564,-0.49333336104840814,-0.00010512263,-1.4466382e-07,0.84072345
3.0,Pi-Flight,-3.1987383e-05,-3.0906268e-08,-43.17404,-0.8,0.48000000000000004,1.0,0.7999680126165913,-0.4800000309062678,-0.000112409005,-1.6030604e-07,0.84377
3.0208333333333335,Pi-Flight,-3.441744e-05,-3.4441197e-08,-43.78945,-0.8,0.4666666666666666,1.0,0.7999655825595255,-0.4666667011078632,-0.00012014713,-1.7752272e-07,0.84688663
3.0416666666666665,Pi-Flight,-3.7014146e-05,-3.8354347e-08,-44.409115,-0.8,0.4533333333333335,1.0,0.7999629858539266,-0.45333337168768073,-0.00012836169,-1.9646042e-07,0.8500744
3.0625,Pi-Flight,-3.9787723e-05,-4.2683375e-08,-45.03304,-0.8,0.44000000000000006,1.0,0.7999602122770739,-0.4400000426833751,-0.00013707878,-2.1727898e-07,0.8533346
3.0833333333333335,Pi-Flight,-4.2748943e-05,-4.7469427e-08,-45.661217,-0.8,0.4266666666666666,1.0,0.7999572510569124,-0.4266667141360941,-0.00014632542,-2.4015074e-07,0.8566684
3.1041666666666665,Pi-Flight,-4.5909164e-05,-5.2757404e-08,-46.29365,-0.8,0.41333333333333344,1.0,0.7999540908356721,-0.4133333860907372,-0.00015612997,-2.6526303e-07,0.8600768
3.125,Pi-Flight,-4.928036e-05,-5.8596285e-08,-46.93034,-0.8,0.4,1.0,0.7999507196407649,-0.4000000585962852,-0.00016652214,-2.928189e-07,0.8635613
3.1458333333333335,Pi-Flight,-5.2875108e-05,-6.503951e-08,-47.571285,-0.8,0.3866666666666666,1.0,0.79994712489206,-0.3866667317061746,-0.00017753322,-3.2303947e-07,0.8671229
3.1666666666666665,Pi-Flight,-5.6706685e-05,-7.2145276e-08,-48.216488,-0.8,0.37333333333333346,1.0,0.7999432933145727,-0.3733334054786099,-0.00018919574,-3.561632e-07,0.8707626
3.1875,Pi-Flight,-6.078905e-05,-7.9977006e-08,-48.865944,-0.8,0.36000000000000004,1.0,0.7999392109493784,-0.3600000799770064,-0.00020154359,-3.9244773e-07,0.87448233
3.2083333333333335,Pi-Flight,-6.513689e-05,-8.860371e-08,-49.519657,-0.8,0.3466666666666666,1.0,0.7999348631099565,-0.34666675527037943,-0.00021461229,-4.3217176e-07,0.8782828
3.2291666666666665,Pi-Flight,-6.976564e-05,-9.810049e-08,-50.177624,-0.8,0.3333333333333335,1.0,0.7999302343567252,-0.33333343143382654,-0.00022843899,-4.756373e-07,0.8821654
3.25,Pi-Flight,-7.469153e-05,-1.0854898e-07,-50.83985,-0.8,0.32000000000000006,1.0,0.7999253084679367,-0.3200001085489814,-0.0002430625,-5.2317125e-07,0.88613117
3.2708333333333335,Pi-Flight,-7.993164e-05,-1.2003797e-07,-51.50633,-0.8,0.3066666666666666,1.0,0.7999200683596428,-0.3066667867046337,-0.0002585232,-5.7512534e-07,0.8901818
3.2916666666666665,Pi-Flight,-8.550388e-05,-1.3266389e-07,-52.177067,-0.8,0.29333333333333345,1.0,0.7999144961184357,-0.29333346599721866,-0.00027486356,-6.318803e-07,0.89431834
3.3125,Pi-Flight,-9.1427086e-05,-1.4653136e-07,-52.85206,-0.8,0.28,1.0,0.7999085729141371,-0.28000014653136307,-0.00029212766,-6.938475e-07,0.89854217
3.3333333333333335,Pi-Flight,-9.772102e-05,-1.6175406e-07,-53.531303,-0.8,0.2666666666666666,1.0,0.7999022789779702,-0.26666682842072564,-0.0003103615,-7.614699e-07,0.9028547
3.3541666666666665,Pi-Flight,-0.00010440644,-1.784552e-07,-54.214806,-0.8,0.2533333333333334,1.0,0.7998955935589038,-0.2533335117885289,-0.000329613,-8.3522514e-07,0.90725714
3.375,Pi-Flight,-0.000111505105,-1.967684e-07,-54.90256,-0.8,0.24,1.0,0.7998884948945488,-0.24000019676839712,-0.000349932,-9.156262e-07,0.91175073
3.3958333333333335,Pi-Flight,-0.00011903988,-2.1683846e-07,-55.594574,-0.8,0.22666666666666657,1.0,0.7998809601165704,-0.22666688350512487,-0.000371371,-1.0032304e-06,0.9163372
3.4166666666666665,Pi-Flight,-0.00012703468,-2.3882214e-07,-56.290836,-0.8,0.21333333333333349,1.0,0.7998729653161718,-0.21333357215547244,-0.00039398356,-1.0986289e-06,0.9210178
3.4375,Pi-Flight,-0.00013551462,-2.628892e-07,-56.99136,-0.8,0.20000000000000007,1.0,0.7998644853767474,-0.20000026288918782,-0.0004178263,-1.202465e-06,0.9257939
3.4583333333333335,Pi-Flight,-0.00014450602,-2.8922318e-07,-57.696136,-0.8,0.18666666666666665,1.0,0.7998554939811584,-0.18666695588984716,-0.00044295797,-1.315429e-06,0.9306667
3.4791666666666665,Pi-Flight,-0.0001540364,-3.1802267e-07,-58.40517,-0.8,0.17333333333333345,1.0,0.7998459635971813,-0.17333365135600476,-0.00046943972,-1.4382622e-06,0.9356378
3.5,Pi-Flight,-0.00016413462,-3.4950247e-07,-59.118458,-0.8,0.16000000000000003,1.0,0.7998358653829201,-0.16000034950247144,-0.0004973359,-1.5717687e-06,0.9407085
3.5208333333333335,Pi-Flight,-0.00017483089,-3.8389464e-07,-59.836002,-0.8,0.1466666666666666,1.0,0.7998251691140468,-0.14666705056131069,-0.0005267123,-1.7168029e-06,0.94588083
3.5416666666666665,Pi-Flight,-0.00018615685,-4.2144984e-07,-60.5578,-0.8,0.13333333333333341,1.0,0.7998138431546977,-0.13333375478317377,-0.0005576379,-1.8742865e-06,0.95115554
3.5625,Pi-Flight,-0.00019814559,-4.624386e-07,-61.28385,-0.8,0.12,1.0,0.7998018544138177,-0.12000046243860651,-0.000590184,-2.045207e-06,0.9565342
3.5833333333333335,Pi-Flight,-0.00021083173,-5.0715295e-07,-62.01416,-0.8,0.10666666666666658,1.0,0.7997891682724003,-0.10666717381961377,-0.0006244249,-2.2306222e-06,0.9620186
3.6041666666666665,Pi-Flight,-0.00022425146,-5.5590783e-07,-62.748722,-0.8,0.09333333333333349,1.0,0.7997757485398325,-0.09333388924116526,-0.00066043786,-2.431671e-06,0.96761
3.625,Pi-Flight,-0.00023844258,-6.0904273e-07,-63.48754,-0.8,0.08000000000000007,1.0,0.7997615574247903,-0.08000060904272921,-0.00069830264,-2.649569e-06,0.97331005
3.6458333333333335,Pi-Flight,-0.00025344462,-6.669235e-07,-64.23061,-0.8,0.06666666666666665,1.0,0.7997465553751681,-0.0666673335901502,-0.00073810236,-2.8856225e-06,0.97912025
3.6666666666666665,Pi-Flight,-0.00026929888,-7.299443e-07,-64.977936,-0.8,0.053333333333333455,1.0,0.7997307011217345,-0.05333406327763757,-0.0007799234,-3.14123e-06,0.98504215
3.6875,Pi-Flight,-0.00028604857,-7.9852964e-07,-65.729515,-0.8,0.040000000000000036,1.0,0.7997139514307492,-0.04000079852964067,-0.00082385505,-3.417887e-06,0.9910773
3.7083333333333335,Pi-Flight,-0.0003037386,-8.7313606e-07,-66.48535,-0.8,0.026666666666666616,1.0,0.7996962613950018,-0.02666753980272607,-0.0008699895,-3.7171926e-06,0.9972272
3.7291666666666665,Pi-Flight,-0.00032241608,-9.542549e-07,-67.245445,-0.8,0.01333333333333342,1.0,0.7996775839244947,-0.013334287588248506,-0.00091842294,-4.040862e-06,1.0034938
3.75,Pi-Flight,-0.00034212993,-1.0424147e-06,-68.00978,-0.8,0.0,1.0,0.7996578700665851,-1.042414737639774e-06,-0.0009692544,-4.390725e-06,1.0098782
3.7708333333333335,Pi-Flight,-0.00036293137,-1.1381834e-06,-68.77838,-0.7866666666666666,0.0,1.0,0.7863037352943016,-1.1381833928680862e-06,-0.0010225867,-4.7687354e-06,1.0052837
3.7916666666666665,Pi-Flight,-0.00038487365,-1.242171e-06,-69.55123,-0.7733333333333334,0.0,1.0,0.7729484596809684,-1.2421710380294826e-06,-0.0010785261,-5.1769885e-06,1.0007542
3.8125,Pi-Flight,-0.00040801233,-1.3550335e-06,-70.32834,-0.76,0.0,1.0,0.7595919876673725,-1.3550335324907792e-06,-0.0011371823,-5.6177123e-06,0.9962919
3.8333333333333335,Pi-Flight,-0.00043240536,-1.4774739e-06,-71.109695,-0.7466666666666666,0.0,1.0,0.7462342613077877,-1.4774739156564465e-06,-0.001198669,-6.0932834e-06,0.9918989
3.8541666666666665,Pi-Flight,-0.000458113,-1.6102472e-06,-71.89531,-0.7333333333333335,0.0,1.0,0.7328752203281815,-1.6102471818157937e-06,-0.0012631039,-6.6062476e-06,0.987578
3.875,Pi-Flight,-0.00048519816,-1.7541633e-06,-72.68517,-0.7200000000000001,0.0,1.0,0.7195148018351757,-1.7541633496875875e-06,-0.0013306076,-7.159306e-06,0.98333067
3.8958333333333335,Pi-Flight,-0.00051372603,-1.9100903e-06,-73.479294,-0.7066666666666666,0.0,1.0,0.7061529406361902,-1.9100903045909945e-06,-0.0014013047,-7.755348e-06,0.9791602
3.9166666666666665,Pi-Flight,-0.00054376473,-2.0789587e-06,-74.27767,-0.6933333333333335,0.0,1.0,0.6927895685991584,-2.078958686979604e-06,-0.0014753246,-8.397447e-06,0.9750681
3.9375,Pi-Flight,-0.00057538506,-2.2617648e-06,-75.0803,-0.68,0.0,1.0,0.679424614943564,-2.261764848299208e-06,-0.0015528004,-9.088885e-06,0.97105724
3.9583333333333335,Pi-Flight,-0.0006086604,-2.459577e-06,-75.88718,-0.6666666666666666,0.0,1.0,0.6660580062695468,-2.4595769900770392e-06,-0.001633869,-9.83315e-06,0.96713036
3.9791666666666665,Pi-Flight,-0.00064366736,-2.6735381e-06,-76.69832,-0.6533333333333334,0.0,1.0,0.6526896659758253,-2.6735381197795505e-06,-0.0017186718,-1.0633951e-05,0.96328914
